{"stats":{"minecraft:picked_up":{"minecraft:crafting_table":1,"minecraft:leather":3,"minecraft:oak_log":18,"minecraft:gunpowder":2,"minecraft:spider_eye":1,"minecraft:dirt":3,"minecraft:string":2,"minecraft:wheat_seeds":2,"minecraft:beef":11,"minecraft:gray_wool":1,"minecraft:mutton":5,"minecraft:white_wool":2,"minecraft:cobblestone":7},"minecraft:mined":{"minecraft:crafting_table":1,"minecraft:grass":3,"minecraft:grass_block":2,"minecraft:oak_log":18,"minecraft:dirt":1,"minecraft:tall_grass":1,"minecraft:stone":7,"minecraft:oak_leaves":2},"minecraft:used":{"minecraft:wooden_pickaxe":16,"minecraft:stone_axe":31,"minecraft:dirt":2,"minecraft:mutton":3,"minecraft:beef":7,"minecraft:crafting_table":1},"minecraft:custom":{"minecraft:time_since_rest":5912,"minecraft:sprint_one_cm":20204,"minecraft:damage_taken":273,"minecraft:walk_one_cm":13604,"minecraft:mob_kills":10,"minecraft:damage_dealt":1263,"minecraft:fly_one_cm":38356,"minecraft:interact_with_crafting_table":2,"minecraft:play_one_minute":5912,"tombstone:undead_killed":1,"minecraft:sneak_time":6,"minecraft:jump":229,"minecraft:time_since_death":5912,"minecraft:fall_one_cm":4890},"minecraft:killed":{"minecraft:sheep":3,"minecraft:skeleton":1,"minecraft:spider":1,"minecraft:creeper":2,"minecraft:cow":3},"minecraft:crafted":{"minecraft:oak_planks":16,"minecraft:crafting_table":1,"minecraft:stick":8,"minecraft:wooden_pickaxe":1,"minecraft:stone_pickaxe":1,"minecraft:stone_axe":1}},"DataVersion":2586}