{"stats":{"minecraft:broken":{"minecraft:leather_leggings":1,"minecraft:iron_boots":1,"minecraft:leather_chestplate":2,"minecraft:stone_axe":1,"minecraft:iron_sword":2},"minecraft:picked_up":{"minecraft:chainmail_boots":1,"lycanitesmobs:quillcharge":2,"minecraft:crafting_table":1,"lycanitesmobs:raw_chupacabra_meat":14,"minecraft:wheat":1,"iceandfire:witherbone":4,"minecraft:clay_ball":28,"minecraft:prismarine_shard":20,"iceandfire:fire_lily":1,"minecraft:leather_leggings":1,"minecraft:brown_mushroom":3,"minecraft:enchanted_book":2,"lycanitesmobs:propolis":7,"lycanitesmobs:equipmentpart_geonachspear":2,"minecraft:string":9,"minecraft:armor_stand":2,"minecraft:experience_bottle":1,"lycanitesmobs:equipmentpart_geonachfist":1,"minecraft:gold_nugget":33,"minecraft:acacia_sign":1,"minecraft:beef":11,"minecraft:red_dye":3,"minecraft:player_head":1,"lycanitesmobs:raw_maka_meat":10,"minecraft:phantom_membrane":7,"minecraft:iron_boots":1,"minecraft:sandstone":11,"minecraft:stone":11,"minecraft:torch":8,"minecraft:porkchop":6,"lycanitesmobs:desertstonechiseled":1,"lycanitesmobs:cleansingcrystal":1,"tombstone:grave_dust":3,"lycanitesmobs:geistliver":3,"minecraft:prismarine_crystals":12,"minecraft:stone_pressure_plate":1,"lycanitesmobs:soulgazer":2,"lycanitesmobs:soulstone_dragon":1,"minecraft:tnt":9,"minecraft:arrow":4,"minecraft:rotten_flesh":20,"lycanitesmobs:raw_jouste_meat":5,"lycanitesmobs:soulstone_undead":1,"minecraft:hay_block":51,"lycanitesmobs:chaosorbcharge":4,"lycanitesmobs:equipmentpart_bansheeeye":1,"minecraft:blaze_powder":1,"minecraft:obsidian":14,"minecraft:mutton":5,"minecraft:white_wool":4,"minecraft:cobblestone":52,"minecraft:leather_chestplate":1,"minecraft:feather":9,"minecraft:cut_sandstone":5,"minecraft:leather":34,"lycanitesmobs:poopcharge":1,"minecraft:red_mushroom":4,"lycanitesmobs:throwingscythecharge":30,"minecraft:chainmail_chestplate":1,"lycanitesmobs:mudshotcharge":5,"minecraft:flint":23,"lycanitesmobs:raw_krake_meat":1,"minecraft:oak_log":18,"lycanitesmobs:cooked_chupacabra_meat":2,"lycanitesmobs:veswax":3,"minecraft:gunpowder":12,"minecraft:dirt":7,"minecraft:lantern":1,"lycanitesmobs:equipmentpart_sutiramustinger":1,"minecraft:orange_terracotta":1,"lycanitesmobs:aetherwavecharge":11,"minecraft:bone":52,"minecraft:acacia_planks":40,"minecraft:wheat_seeds":12,"minecraft:rabbit_hide":1,"minecraft:iron_ingot":7,"minecraft:cooked_chicken":5,"minecraft:iron_ore":15,"minecraft:rabbit":2,"minecraft:glowstone_dust":26,"minecraft:oak_planks":1,"minecraft:soul_sand":7,"lycanitesmobs:spectralboltcharge":11,"minecraft:quartz":8,"lycanitesmobs:equipmentpart_grueclaw":1,"minecraft:sand":57,"lycanitesmobs:treat_arachnid":2,"lycanitesmobs:desertstonebrick":3,"minecraft:chiseled_sandstone":1,"minecraft:spider_eye":10,"lycanitesmobs:desertstonepillar":1,"minecraft:polished_andesite":4,"lycanitesmobs:desertstonetile":1,"lycanitesmobs:scorchfireballcharge":2,"minecraft:diamond":62,"minecraft:polished_diorite":1,"minecraft:honey_block":41,"minecraft:chainmail_leggings":1,"minecraft:gray_wool":1,"minecraft:chainmail_helmet":1,"tombstone:magic_scroll":1,"minecraft:chorus_fruit":2,"minecraft:melon_seeds":2,"minecraft:black_wool":1,"minecraft:coal":17,"minecraft:ender_pearl":8},"minecraft:used":{"minecraft:iron_shovel":49,"minecraft:armor_stand":2,"minecraft:shield":39,"minecraft:stone":3,"minecraft:iron_sword":532,"minecraft:cooked_chicken":4,"minecraft:rotten_flesh":4,"minecraft:torch":89,"minecraft:dirt":7,"minecraft:mutton":3,"minecraft:polished_diorite":1,"minecraft:jungle_sapling":4,"minecraft:lantern":1,"lycanitesmobs:raw_maka_meat":1,"minecraft:beef":11,"minecraft:furnace":3,"tombstone:gift":5,"minecraft:stone_pressure_plate":1,"minecraft:orange_terracotta":1,"minecraft:acacia_planks":9,"lycanitesmobs:desertstonetile":1,"minecraft:polished_andesite":4,"lycanitesmobs:raw_chupacabra_meat":1,"minecraft:stone_pickaxe":67,"minecraft:sandstone":2,"minecraft:wooden_pickaxe":27,"minecraft:cut_sandstone":5,"minecraft:white_wool":3,"minecraft:sand":23,"minecraft:crafting_table":5,"foodtxf:cooked_player_flesh":2,"foodtxf:player_flesh":11,"minecraft:acacia_stairs":1,"lycanitesmobs:cooked_maka_meat":2,"minecraft:chiseled_sandstone":1,"minecraft:acacia_sign":1,"minecraft:bread":104,"minecraft:iron_pickaxe":29,"lycanitesmobs:desertstonepillar":1,"tombstone:magic_scroll":1,"tombstone:grave_key":4,"lycanitesmobs:desertstonechiseled":1,"minecraft:stone_axe":79,"lycanitesmobs:desertstonebrick":3,"minecraft:diamond_sword":321,"minecraft:cobblestone":20,"lycanitesmobs:equipmentforge_greater":1,"minecraft:porkchop":6,"lycanitesmobs:equipmentforge_lesser":1,"minecraft:experience_bottle":1},"minecraft:crafted":{"lycanitesmobs:cooked_maka_meat":7,"minecraft:oak_planks":72,"lycanitesmobs:equipmentpart_woodenrod":2,"minecraft:furnace":2,"lycanitesmobs:equipmentforge_greater":1,"minecraft:glass":18,"minecraft:honey_bottle":12,"minecraft:stone_pickaxe":1,"lycanitesmobs:treat_arachnid":8,"sophisticatedbackpacks:iron_backpack":1,"minecraft:wheat":315,"minecraft:glass_bottle":12,"minecraft:diamond_sword":1,"minecraft:crafting_table":4,"minecraft:wooden_pickaxe":1,"lycanitesmobs:equipmentpart_ironrod":1,"minecraft:iron_sword":2,"minecraft:stone_axe":1,"minecraft:air":0,"minecraft:bread":105,"lycanitesmobs:equipmentpart_woodenguard":1,"minecraft:shield":2,"minecraft:iron_pickaxe":1,"minecraft:stick":44,"lycanitesmobs:equipmentforge_lesser":2,"minecraft:iron_ingot":18,"minecraft:iron_block":1,"minecraft:wooden_axe":2,"minecraft:torch":72,"lycanitesmobs:summoningstaff":1,"lycanitesmobs:equipmentpart_ironpikejoint":1},"minecraft:killed":{"lycanitesmobs:tremor":1,"lycanitesmobs:krake":2,"lycanitesmobs:banshee":1,"lycanitesmobs:reaper":2,"lycanitesmobs:zoataur":1,"lycanitesmobs:cryptkeeper":10,"lycanitesmobs:roc":2,"minecraft:spider":7,"lycanitesmobs:sutiramu":12,"lycanitesmobs:darkling":1,"minecraft:skeleton":8,"lycanitesmobs:necrovore":1,"lycanitesmobs:conba":1,"lycanitesmobs:clink":7,"lycanitesmobs:maka":2,"lycanitesmobs:erepede":2,"lycanitesmobs:joustealpha":1,"lycanitesmobs:sylph":6,"lycanitesmobs:triffid":2,"minecraft:pig":2,"lycanitesmobs:aegis":1,"lycanitesmobs:grue":4,"lycanitesmobs:kobold":2,"lycanitesmobs:jouste":4,"lycanitesmobs:geist":1,"lycanitesmobs:crusk":1,"minecraft:rabbit":3,"lycanitesmobs:wraamon":1,"lycanitesmobs:gorgomite":1,"minecraft:creeper":5,"iceandfire:cockatrice":3,"minecraft:sheep":3,"lycanitesmobs:chupacabra":8,"minecraft:zombie":4,"lycanitesmobs:argus":1,"lycanitesmobs:geonach":2,"lycanitesmobs:afrit":1,"lycanitesmobs:vespid":4,"minecraft:cow":3,"lycanitesmobs:vespidqueen":1},"minecraft:custom":{"minecraft:mob_kills":121,"minecraft:interact_with_crafting_table":56,"minecraft:open_barrel":1,"minecraft:damage_dealt_resisted":232,"minecraft:leave_game":2,"minecraft:time_since_death":11340,"minecraft:climb_one_cm":2612,"minecraft:sprint_one_cm":703233,"minecraft:walk_one_cm":453374,"minecraft:damage_blocked_by_shield":736,"minecraft:drop":37,"minecraft:damage_dealt_absorbed":40,"minecraft:talked_to_villager":2,"minecraft:deaths":19,"minecraft:sneak_time":2514,"minecraft:walk_under_water_one_cm":340,"minecraft:jump":4340,"minecraft:interact_with_blast_furnace":6,"minecraft:walk_on_water_one_cm":1065,"minecraft:interact_with_furnace":48,"minecraft:play_one_minute":181175,"minecraft:sleep_in_bed":1,"minecraft:time_since_rest":11220,"minecraft:waystone_activated":1,"minecraft:damage_taken":11106,"minecraft:damage_dealt":31775,"tombstone:cast_on_ally":0,"minecraft:swim_one_cm":1593,"minecraft:fly_one_cm":967996,"minecraft:open_chest":95,"minecraft:crouch_one_cm":8672,"tombstone:undead_killed":27,"minecraft:fall_one_cm":93061,"minecraft:inspect_dispenser":1},"minecraft:killed_by":{"minecraft:player":1,"minecraft:creeper":2,"lycanitesmobs:triffid":1,"lycanitesmobs:erepede":1,"lycanitesmobs:geonach":1,"minecraft:skeleton":1,"lycanitesmobs:clink":6,"minecraft:zombie":1,"lycanitesmobs:grue":2,"iceandfire:cockatrice":2,"lycanitesmobs:sylph":1},"minecraft:dropped":{"minecraft:bread":57,"minecraft:soul_sand":4,"minecraft:brown_mushroom":2,"minecraft:wheat_seeds":18,"minecraft:diamond":63,"minecraft:book":1,"minecraft:coal":6,"lycanitesmobs:raw_chupacabra_meat":1,"minecraft:gray_wool":1,"tombstone:grave_dust":1,"lycanitesmobs:treat_arachnid":2,"minecraft:gold_nugget":29,"minecraft:gold_ingot":9,"minecraft:bone":40,"foodtxf:player_flesh":4,"endrem:old_eye":1,"minecraft:oak_planks":1,"minecraft:stone":7,"minecraft:shield":1,"lycanitesmobs:soulgazer":1,"lycanitesmobs:equipmentpart_geonachspear":1,"lycanitesmobs:summoningstaff":2,"minecraft:wooden_pickaxe":1,"lycanitesmobs:poopcharge":1},"minecraft:mined":{"minecraft:stone_pressure_plate":1,"minecraft:grass_block":3,"minecraft:polished_diorite":1,"minecraft:sandstone":9,"minecraft:spawner":2,"minecraft:hay_block":51,"minecraft:chiseled_sandstone":1,"lycanitesmobs:desertstonebrick":3,"lycanitesmobs:desertstonetile":1,"minecraft:stone":54,"minecraft:white_wool":2,"minecraft:cut_sandstone":5,"minecraft:orange_terracotta":1,"minecraft:torch":2,"minecraft:crafting_table":2,"minecraft:honey_block":30,"minecraft:dead_bush":1,"iceandfire:fire_lily":1,"minecraft:tall_grass":12,"lycanitesmobs:desertstonechiseled":1,"minecraft:cobblestone":1,"minecraft:wall_torch":6,"lycanitesmobs:smitefire":13,"minecraft:tnt":9,"minecraft:grass_path":2,"minecraft:grass":51,"minecraft:oak_log":18,"minecraft:coal_ore":12,"minecraft:sand":50,"minecraft:dirt":7,"minecraft:cobweb":1,"minecraft:polished_andesite":1,"lycanitesmobs:scorchfire":326,"minecraft:oak_leaves":2,"minecraft:fern":2}},"DataVersion":2586}