{"stats":{"minecraft:crafted":{"minecraft:oak_planks":104,"lycanitesmobs:stablesummoningstaff":1,"lycanitesmobs:equipmentforge_greater":1,"lycanitesmobs:sturdysummoningstaff":1,"lycanitesmobs:cooked_bobeko_meat":22,"minecraft:glass":18,"minecraft:honey_bottle":12,"minecraft:chest":1,"minecraft:glass_bottle":12,"minecraft:crafting_table":5,"minecraft:spruce_planks":16,"minecraft:wooden_pickaxe":1,"lycanitesmobs:equipmentpart_ironrod":1,"lycanitesmobs:saddle_avian":1,"lycanitesmobs:equipmentpart_woodenguard":1,"minecraft:shield":3,"minecraft:stick":56,"lycanitesmobs:equipmentforge_lesser":2,"minecraft:iron_ingot":27,"minecraft:iron_pickaxe":1,"minecraft:iron_block":1,"minecraft:gold_ingot":4,"lycanitesmobs:summoningstaff":3,"minecraft:shears":1,"lycanitesmobs:cooked_maka_meat":14,"foodtxf:cooked_player_flesh":77,"lycanitesmobs:equipmentpart_woodenrod":2,"minecraft:furnace":4,"minecraft:stone_pickaxe":1,"lycanitesmobs:treat_arachnid":8,"minecraft:wheat":459,"sophisticatedbackpacks:iron_backpack":1,"minecraft:diamond_sword":1,"minecraft:iron_sword":2,"minecraft:stone_axe":1,"minecraft:air":0,"minecraft:bread":153,"lycanitesmobs:cooked_krake_meat":7,"minecraft:wooden_axe":2,"minecraft:torch":120,"lycanitesmobs:equipmentpart_ironpikejoint":1},"minecraft:killed_by":{"lycanitesmobs:ioray":1,"iceandfire:cyclops":3,"lycanitesmobs:krake":2,"minecraft:creeper":3,"lycanitesmobs:triffid":1,"lycanitesmobs:erepede":1,"lycanitesmobs:warg":2,"lycanitesmobs:vespid":2,"lycanitesmobs:calpod":1,"lycanitesmobs:wendigo":2,"lycanitesmobs:jengu":1,"lycanitesmobs:necrovore":1,"lycanitesmobs:clink":6,"minecraft:zombie":2,"lycanitesmobs:spectre":12,"lycanitesmobs:tremor":1,"minecraft:player":1,"lycanitesmobs:ventoraptor":8,"lycanitesmobs:shambler":2,"lycanitesmobs:wildkin":1,"iceandfire:hippogryph":1,"lycanitesmobs:troll":1,"lycanitesmobs:roc":1,"lycanitesmobs:reiver":11,"lycanitesmobs:geonach":1,"minecraft:skeleton":4,"lycanitesmobs:grue":2,"iceandfire:cockatrice":2,"lycanitesmobs:sylph":1},"minecraft:killed":{"lycanitesmobs:concapede":3,"lycanitesmobs:krake":19,"lycanitesmobs:arix":6,"lycanitesmobs:zoataur":1,"lycanitesmobs:cryptkeeper":10,"lycanitesmobs:roc":18,"minecraft:spider":14,"lycanitesmobs:sutiramu":12,"minecraft:skeleton":17,"lycanitesmobs:yale":1,"lycanitesmobs:necrovore":6,"lycanitesmobs:bobeko":7,"lycanitesmobs:maka":3,"lycanitesmobs:erepede":2,"lycanitesmobs:sylph":6,"minecraft:pig":2,"lycanitesmobs:aegis":1,"minecraft:zombie_villager":1,"lycanitesmobs:frostweaver":7,"lycanitesmobs:jouste":4,"lycanitesmobs:brucha":3,"lycanitesmobs:geist":3,"lycanitesmobs:wraamon":1,"lycanitesmobs:gorgomite":1,"minecraft:creeper":5,"iceandfire:cockatrice":3,"minecraft:sheep":3,"minecraft:zombie":15,"lycanitesmobs:argus":1,"lycanitesmobs:geonach":2,"lycanitesmobs:warg":2,"lycanitesmobs:feradon":1,"minecraft:cow":3,"lycanitesmobs:vespidqueen":2,"lycanitesmobs:tremor":1,"lycanitesmobs:ghoul":8,"lycanitesmobs:banshee":1,"lycanitesmobs:reaper":5,"lycanitesmobs:wendigo":1,"lycanitesmobs:darkling":1,"lycanitesmobs:silex":1,"lycanitesmobs:shambler":3,"lycanitesmobs:spectre":1,"lycanitesmobs:conba":2,"lycanitesmobs:ent":12,"lycanitesmobs:clink":7,"iceandfire:siren":1,"lycanitesmobs:maug":6,"lycanitesmobs:joustealpha":1,"lycanitesmobs:triffid":2,"lycanitesmobs:grue":4,"lycanitesmobs:kobold":5,"lycanitesmobs:crusk":1,"minecraft:rabbit":3,"lycanitesmobs:barghest":1,"lycanitesmobs:calpod":2,"lycanitesmobs:chupacabra":11,"lycanitesmobs:jengu":1,"lycanitesmobs:lycosa":2,"lycanitesmobs:jabberwock":1,"lycanitesmobs:reiver":12,"lycanitesmobs:afrit":2,"lycanitesmobs:vespid":11},"minecraft:mined":{"minecraft:spruce_planks":7,"minecraft:stone_pressure_plate":1,"iceandfire:copper_pile":1,"minecraft:grass_block":5,"minecraft:polished_diorite":1,"minecraft:spawner":3,"minecraft:tall_seagrass":2,"minecraft:iron_ore":8,"lycanitesmobs:desertstonetile":1,"minecraft:cut_sandstone":5,"minecraft:kelp_plant":1,"minecraft:orange_terracotta":1,"minecraft:torch":3,"minecraft:dead_bush":1,"iceandfire:fire_lily":2,"lycanitesmobs:desertstonechiseled":1,"minecraft:cobblestone":4,"minecraft:wall_torch":6,"lycanitesmobs:smitefire":13,"lycanitesmobs:frostweb":7,"minecraft:tnt":9,"minecraft:grass":75,"minecraft:oak_log":25,"minecraft:sand":51,"minecraft:dirt":8,"minecraft:oak_leaves":7,"lycanitesmobs:icefire":26,"minecraft:spruce_leaves":3,"minecraft:sandstone":9,"minecraft:large_fern":7,"minecraft:hay_block":51,"minecraft:chiseled_sandstone":1,"lycanitesmobs:desertstonebrick":3,"minecraft:andesite":2,"lycanitesmobs:frostfire":8,"minecraft:stone":112,"minecraft:white_wool":2,"minecraft:glass_pane":6,"minecraft:crafting_table":2,"minecraft:honey_block":153,"minecraft:tall_grass":17,"minecraft:diorite":8,"minecraft:spruce_stairs":1,"minecraft:sweet_berry_bush":1,"lycanitesmobs:veswax":7,"minecraft:grass_path":2,"minecraft:coal_ore":21,"minecraft:cobweb":1,"lycanitesmobs:scorchfire":337,"minecraft:polished_andesite":1,"minecraft:fern":6},"minecraft:picked_up":{"lycanitesmobs:quillcharge":7,"minecraft:iron_chestplate":2,"lycanitesmobs:raw_chupacabra_meat":20,"minecraft:wheat":3,"minecraft:chainmail_boots":1,"minecraft:prismarine_shard":22,"minecraft:diamond_sword":3,"minecraft:enchanted_book":2,"lycanitesmobs:propolis":19,"lycanitesmobs:equipmentpart_geonachspear":2,"iceandfire:manuscript":37,"lycanitesmobs:raw_arisaur_meat":6,"minecraft:string":46,"lycanitesmobs:lightballcharge":3,"minecraft:armor_stand":2,"minecraft:experience_bottle":1,"lycanitesmobs:equipmentpart_geonachfist":1,"minecraft:gold_nugget":75,"lycanitesmobs:immunizer":2,"minecraft:spruce_planks":7,"lycanitesmobs:raw_bobeko_meat":24,"minecraft:acacia_sign":1,"minecraft:red_dye":3,"minecraft:iron_boots":1,"minecraft:stick":20,"lycanitesmobs:soulstone_plant":2,"minecraft:torch":12,"minecraft:spruce_stairs":1,"minecraft:porkchop":6,"lycanitesmobs:desertstonechiseled":1,"tombstone:grave_dust":3,"minecraft:diorite":8,"lycanitesmobs:geistliver":3,"lycanitesmobs:soulstone_dragon":1,"minecraft:honey_bottle":2,"minecraft:rotten_flesh":51,"lycanitesmobs:soulstone_undead":1,"minecraft:green_wool":2,"lycanitesmobs:equipmentpart_bansheeeye":1,"minecraft:obsidian":24,"minecraft:snowball":80,"minecraft:blaze_powder":11,"minecraft:cobblestone":113,"minecraft:leather_chestplate":1,"minecraft:feather":60,"minecraft:andesite":2,"lycanitesmobs:tundracharge":7,"lycanitesmobs:poopcharge":6,"minecraft:flint":35,"lycanitesmobs:equipmentpart_wargskull":1,"lycanitesmobs:icefireballcharge":20,"lycanitesmobs:frostwebcharge":16,"minecraft:map":7,"minecraft:lapis_lazuli":3,"minecraft:dirt":62,"minecraft:lantern":2,"minecraft:name_tag":1,"lycanitesmobs:aetherwavecharge":11,"minecraft:bone":156,"minecraft:acacia_planks":40,"minecraft:wheat_seeds":31,"minecraft:rabbit":4,"minecraft:glowstone_dust":44,"minecraft:oak_planks":1,"lycanitesmobs:raw_yale_meat":2,"lycanitesmobs:spectralboltcharge":13,"lycanitesmobs:equipmentpart_entarm":1,"lycanitesmobs:frostboltcharge":25,"lycanitesmobs:raw_silex_meat":2,"iceandfire:dragon_skull_fire":2,"lycanitesmobs:equipmentpart_reiverhorns":1,"iceandfire:shiny_scales":3,"minecraft:sand":65,"minecraft:dead_bush":2,"minecraft:chiseled_sandstone":1,"lycanitesmobs:equipmentpart_spectretendril":1,"minecraft:polished_andesite":4,"lycanitesmobs:scorchfireballcharge":2,"minecraft:diamond":62,"waystones:waystone":2,"minecraft:chainmail_helmet":1,"minecraft:oak_sapling":1,"minecraft:chorus_fruit":12,"minecraft:cocoa_beans":8,"minecraft:crafting_table":5,"iceandfire:witherbone":4,"minecraft:clay_ball":134,"iceandfire:fire_lily":2,"minecraft:leather_leggings":1,"minecraft:brown_mushroom":3,"minecraft:packed_ice":6,"minecraft:diamond_horse_armor":1,"lycanitesmobs:equipmentpart_clinkscythe":1,"minecraft:snow":13,"iceandfire:bestiary":1,"minecraft:beef":11,"minecraft:player_head":1,"minecraft:chest":1,"lycanitesmobs:raw_maka_meat":12,"minecraft:spruce_trapdoor":1,"minecraft:phantom_membrane":8,"minecraft:sandstone":11,"iceandfire:dragonbone":48,"minecraft:stone":11,"lycanitesmobs:frostyfur":23,"lycanitesmobs:cleansingcrystal":1,"minecraft:prismarine_crystals":17,"minecraft:stone_pressure_plate":1,"lycanitesmobs:poisonraycharge":3,"lycanitesmobs:soulgazer":2,"minecraft:tnt":18,"lycanitesmobs:equipmentpart_arixbrain":1,"iceandfire:silver_ingot":4,"lycanitesmobs:aquapulsecharge":3,"minecraft:arrow":20,"minecraft:diamond_chestplate":1,"lycanitesmobs:raw_jouste_meat":5,"minecraft:diamond_boots":1,"minecraft:hay_block":67,"lycanitesmobs:chaosorbcharge":4,"minecraft:mutton":5,"minecraft:white_wool":7,"minecraft:salmon":8,"minecraft:cut_sandstone":5,"minecraft:leather":94,"minecraft:acacia_wood":1,"minecraft:red_mushroom":4,"lycanitesmobs:throwingscythecharge":65,"minecraft:ice":51,"lycanitesmobs:mudshotcharge":5,"lycanitesmobs:sturdysummoningstaff":2,"minecraft:oak_log":40,"minecraft:chainmail_chestplate":1,"lycanitesmobs:cooked_chupacabra_meat":2,"lycanitesmobs:veswax":49,"lycanitesmobs:raw_krake_meat":24,"minecraft:gunpowder":12,"minecraft:paper":12,"lycanitesmobs:equipmentpart_sutiramustinger":1,"minecraft:orange_terracotta":1,"minecraft:rabbit_hide":1,"minecraft:iron_ingot":8,"minecraft:stone_pickaxe":1,"minecraft:cooked_chicken":8,"minecraft:iron_ore":23,"tombstone:bag_of_seeds":1,"minecraft:glass_bottle":10,"minecraft:soul_sand":11,"minecraft:book":12,"iceandfire:copper_nugget":42,"minecraft:quartz":46,"minecraft:dandelion":4,"lycanitesmobs:equipmentpart_grueclaw":1,"minecraft:spruce_sapling":10,"minecraft:white_bed":1,"lycanitesmobs:desertstonebrick":4,"minecraft:spruce_log":3,"lycanitesmobs:treat_arachnid":4,"minecraft:spider_eye":17,"lycanitesmobs:desertstonepillar":1,"lycanitesmobs:raw_concapede_meat":5,"lycanitesmobs:desertstonetile":3,"minecraft:pumpkin_seeds":15,"minecraft:polished_diorite":1,"minecraft:honey_block":162,"minecraft:chainmail_leggings":1,"lycanitesmobs:equipmentpart_conbabutt":1,"minecraft:gray_wool":1,"tombstone:magic_scroll":1,"minecraft:melon_seeds":3,"minecraft:black_wool":2,"minecraft:coal":57,"minecraft:ender_pearl":11},"minecraft:dropped":{"minecraft:soul_sand":4,"minecraft:brown_mushroom":3,"minecraft:diamond":122,"lycanitesmobs:sturdysummoningstaff":2,"minecraft:gold_nugget":32,"lycanitesmobs:desertstonebrick":1,"minecraft:bone":40,"minecraft:gold_ingot":10,"foodtxf:player_flesh":4,"endrem:old_eye":1,"minecraft:wheat":2,"minecraft:oak_planks":1,"minecraft:chainmail_chestplate":1,"minecraft:melon_seeds":1,"iceandfire:bestiary":1,"lycanitesmobs:soulgazer":1,"lycanitesmobs:equipmentpart_geonachspear":1,"lycanitesmobs:summoningstaff":3,"lycanitesmobs:raw_krake_meat":2,"minecraft:bread":57,"minecraft:wheat_seeds":29,"minecraft:book":1,"minecraft:coal":6,"lycanitesmobs:raw_chupacabra_meat":1,"minecraft:stick":9,"minecraft:gray_wool":1,"minecraft:torch":1,"tombstone:grave_dust":1,"lycanitesmobs:treat_arachnid":4,"minecraft:spruce_sapling":1,"minecraft:pumpkin_seeds":1,"minecraft:diamond_sword":1,"minecraft:snow":8,"minecraft:stone":7,"minecraft:shield":1,"minecraft:oak_sapling":1,"minecraft:wooden_pickaxe":1,"lycanitesmobs:poopcharge":1},"minecraft:used":{"minecraft:iron_shovel":49,"minecraft:chest":1,"minecraft:shield":133,"minecraft:stone":4,"minecraft:iron_sword":532,"minecraft:rotten_flesh":34,"minecraft:mutton":3,"minecraft:snowball":26,"lycanitesmobs:cooked_bobeko_meat":22,"minecraft:jungle_sapling":4,"minecraft:packed_ice":1,"minecraft:honey_block":5,"minecraft:lantern":2,"lycanitesmobs:raw_maka_meat":1,"minecraft:furnace":5,"minecraft:diorite":8,"minecraft:stone_pickaxe":67,"minecraft:oak_planks":7,"minecraft:wooden_pickaxe":27,"minecraft:sandstone":2,"minecraft:white_wool":3,"minecraft:sand":24,"foodtxf:player_flesh":20,"waystones:waystone":1,"minecraft:chiseled_sandstone":1,"minecraft:bread":118,"tombstone:grave_key":69,"lycanitesmobs:desertstonechiseled":1,"lycanitesmobs:desertstonebrick":3,"minecraft:diamond_sword":1091,"lycanitesmobs:frostyfur":2,"lycanitesmobs:equipmentforge_greater":1,"lycanitesmobs:equipmentforge_lesser":1,"minecraft:andesite":2,"minecraft:experience_bottle":1,"minecraft:armor_stand":2,"minecraft:spruce_planks":21,"minecraft:cooked_chicken":5,"minecraft:torch":142,"minecraft:dirt":42,"minecraft:spruce_stairs":1,"minecraft:polished_diorite":1,"minecraft:fern":1,"minecraft:beef":11,"minecraft:acacia_wood":1,"tombstone:gift":7,"minecraft:stone_pressure_plate":1,"minecraft:orange_terracotta":1,"minecraft:acacia_planks":9,"lycanitesmobs:cooked_krake_meat":7,"lycanitesmobs:desertstonetile":1,"lycanitesmobs:raw_chupacabra_meat":1,"minecraft:polished_andesite":4,"minecraft:cut_sandstone":5,"minecraft:crafting_table":10,"lycanitesmobs:veswax":31,"foodtxf:cooked_player_flesh":42,"minecraft:spruce_log":4,"tombstone:bag_of_seeds":1,"minecraft:acacia_stairs":1,"lycanitesmobs:cooked_maka_meat":4,"minecraft:acacia_sign":1,"minecraft:iron_pickaxe":130,"lycanitesmobs:desertstonepillar":1,"tombstone:magic_scroll":1,"minecraft:spruce_trapdoor":1,"minecraft:spruce_sapling":9,"minecraft:stone_axe":83,"minecraft:cobblestone":38,"minecraft:porkchop":6},"minecraft:broken":{"minecraft:golden_helmet":1,"minecraft:leather_leggings":1,"minecraft:iron_boots":1,"minecraft:chainmail_boots":1,"minecraft:stone_axe":1,"minecraft:iron_sword":2,"minecraft:golden_chestplate":1,"minecraft:leather_helmet":1,"minecraft:chainmail_leggings":1,"minecraft:leather_chestplate":2,"minecraft:shield":1,"minecraft:iron_helmet":2},"minecraft:custom":{"minecraft:interact_with_crafting_table":78,"minecraft:open_barrel":1,"minecraft:leave_game":13,"minecraft:time_since_death":20604,"minecraft:damage_resisted":246,"minecraft:sprint_one_cm":1414435,"minecraft:damage_blocked_by_shield":2587,"minecraft:drop":68,"minecraft:talked_to_villager":2,"minecraft:deaths":77,"minecraft:jump":7965,"minecraft:walk_on_water_one_cm":46006,"minecraft:interact_with_furnace":92,"minecraft:play_one_minute":399200,"minecraft:sleep_in_bed":6,"minecraft:waystone_activated":5,"minecraft:damage_dealt":63661,"minecraft:player_kills":1,"minecraft:crouch_one_cm":16288,"tombstone:undead_killed":67,"minecraft:inspect_dispenser":1,"minecraft:mob_kills":310,"minecraft:damage_dealt_resisted":232,"minecraft:climb_one_cm":11353,"minecraft:walk_one_cm":1014356,"minecraft:damage_dealt_absorbed":160,"minecraft:sneak_time":5725,"minecraft:walk_under_water_one_cm":25944,"minecraft:interact_with_blast_furnace":6,"minecraft:interact_with_grindstone":1,"minecraft:time_since_rest":20184,"minecraft:damage_taken":34361,"minecraft:damage_absorbed":159,"tombstone:cast_on_ally":0,"minecraft:swim_one_cm":136792,"minecraft:fly_one_cm":2027957,"minecraft:open_chest":223,"minecraft:fall_one_cm":329856}},"DataVersion":2586}