{"stats":{"minecraft:dropped":{"minecraft:coal":6},"minecraft:picked_up":{"minecraft:crafting_table":1,"minecraft:leather":3,"minecraft:cut_sandstone":5,"minecraft:oak_log":18,"minecraft:gunpowder":2,"minecraft:string":3,"minecraft:dirt":4,"lycanitesmobs:equipmentpart_geonachspear":1,"minecraft:orange_terracotta":1,"lycanitesmobs:aetherwavecharge":6,"lycanitesmobs:equipmentpart_geonachfist":1,"minecraft:wheat_seeds":2,"minecraft:gold_nugget":17,"minecraft:beef":11,"minecraft:iron_ore":2,"minecraft:glowstone_dust":16,"minecraft:soul_sand":3,"minecraft:sandstone":9,"minecraft:stone":7,"minecraft:torch":1,"minecraft:quartz":5,"minecraft:porkchop":6,"minecraft:sand":1,"lycanitesmobs:cleansingcrystal":1,"minecraft:chiseled_sandstone":1,"minecraft:spider_eye":1,"minecraft:stone_pressure_plate":1,"minecraft:tnt":9,"minecraft:gray_wool":1,"lycanitesmobs:equipmentpart_bansheeeye":1,"minecraft:mutton":5,"minecraft:coal":14,"minecraft:white_wool":4,"minecraft:cobblestone":28,"minecraft:ender_pearl":2},"minecraft:mined":{"minecraft:cut_sandstone":5,"minecraft:stone_pressure_plate":1,"minecraft:orange_terracotta":1,"minecraft:crafting_table":1,"minecraft:grass_block":2,"minecraft:tall_grass":1,"minecraft:sandstone":9,"minecraft:wall_torch":1,"lycanitesmobs:smitefire":5,"minecraft:chiseled_sandstone":1,"minecraft:tnt":9,"minecraft:grass":3,"minecraft:oak_log":18,"minecraft:coal_ore":11,"minecraft:dirt":4,"minecraft:stone":29,"minecraft:white_wool":2,"minecraft:oak_leaves":2},"minecraft:used":{"minecraft:stone_pickaxe":65,"minecraft:wooden_pickaxe":16,"minecraft:iron_sword":13,"minecraft:white_wool":3,"minecraft:torch":5,"minecraft:dirt":4,"minecraft:sand":13,"minecraft:mutton":3,"minecraft:crafting_table":2,"foodtxf:cooked_player_flesh":1,"minecraft:stone_axe":57,"minecraft:beef":11,"minecraft:porkchop":6,"minecraft:orange_terracotta":1},"minecraft:custom":{"minecraft:interact_with_furnace":8,"minecraft:mob_kills":18,"minecraft:interact_with_crafting_table":8,"minecraft:play_one_minute":17912,"minecraft:time_since_death":10106,"minecraft:time_since_rest":9890,"minecraft:sprint_one_cm":55771,"minecraft:damage_taken":794,"minecraft:walk_one_cm":38563,"minecraft:drop":1,"minecraft:damage_dealt":3529,"minecraft:fly_one_cm":82363,"minecraft:open_chest":7,"minecraft:crouch_one_cm":840,"tombstone:undead_killed":1,"minecraft:deaths":1,"minecraft:sneak_time":684,"minecraft:jump":523,"minecraft:fall_one_cm":11443},"minecraft:killed_by":{"lycanitesmobs:sylph":1},"minecraft:killed":{"lycanitesmobs:sylph":4,"minecraft:pig":2,"minecraft:spider":2,"minecraft:creeper":2,"minecraft:sheep":3,"minecraft:skeleton":1,"lycanitesmobs:geonach":1,"minecraft:cow":3},"minecraft:crafted":{"minecraft:oak_planks":72,"minecraft:crafting_table":1,"minecraft:wooden_pickaxe":1,"minecraft:iron_sword":1,"minecraft:stone_axe":1,"minecraft:air":0,"minecraft:stick":12,"minecraft:iron_ingot":2,"minecraft:stone_pickaxe":1,"minecraft:torch":20}},"DataVersion":2586}