{"stats":{"minecraft:dropped":{"endrem:old_eye":1,"minecraft:coal":6},"minecraft:picked_up":{"minecraft:crafting_table":1,"minecraft:leather_chestplate":1,"minecraft:feather":3,"minecraft:leather_leggings":1,"iceandfire:fire_lily":1,"minecraft:leather":3,"minecraft:cut_sandstone":5,"minecraft:oak_log":18,"minecraft:gunpowder":2,"minecraft:string":3,"minecraft:dirt":4,"lycanitesmobs:equipmentpart_geonachspear":1,"minecraft:armor_stand":1,"minecraft:orange_terracotta":1,"lycanitesmobs:aetherwavecharge":6,"minecraft:bone":2,"lycanitesmobs:equipmentpart_geonachfist":1,"minecraft:wheat_seeds":2,"minecraft:gold_nugget":17,"minecraft:rabbit_hide":1,"minecraft:beef":11,"minecraft:cooked_chicken":2,"minecraft:iron_ore":2,"minecraft:player_head":1,"minecraft:rabbit":1,"minecraft:glowstone_dust":16,"minecraft:soul_sand":3,"minecraft:iron_boots":1,"minecraft:sandstone":9,"minecraft:stone":7,"minecraft:torch":1,"minecraft:quartz":5,"minecraft:porkchop":6,"minecraft:sand":1,"lycanitesmobs:cleansingcrystal":1,"minecraft:chiseled_sandstone":1,"minecraft:spider_eye":1,"minecraft:stone_pressure_plate":1,"minecraft:tnt":9,"minecraft:arrow":1,"minecraft:rotten_flesh":1,"minecraft:gray_wool":1,"lycanitesmobs:equipmentpart_bansheeeye":1,"minecraft:mutton":5,"minecraft:coal":14,"minecraft:white_wool":4,"minecraft:cobblestone":28,"minecraft:ender_pearl":2},"minecraft:mined":{"minecraft:cut_sandstone":5,"minecraft:stone_pressure_plate":1,"minecraft:orange_terracotta":1,"minecraft:crafting_table":1,"minecraft:grass_block":2,"iceandfire:fire_lily":1,"minecraft:tall_grass":3,"minecraft:sandstone":9,"minecraft:wall_torch":1,"lycanitesmobs:smitefire":5,"minecraft:chiseled_sandstone":1,"minecraft:tnt":9,"minecraft:grass":17,"minecraft:oak_log":18,"minecraft:coal_ore":11,"minecraft:dirt":4,"minecraft:stone":29,"minecraft:white_wool":2,"minecraft:oak_leaves":2,"minecraft:fern":1},"minecraft:used":{"minecraft:armor_stand":1,"minecraft:stone_pickaxe":65,"minecraft:wooden_pickaxe":16,"minecraft:cut_sandstone":5,"minecraft:iron_sword":62,"minecraft:rotten_flesh":3,"minecraft:white_wool":3,"minecraft:torch":5,"minecraft:dirt":4,"minecraft:sand":20,"minecraft:mutton":3,"minecraft:crafting_table":2,"foodtxf:cooked_player_flesh":2,"foodtxf:player_flesh":3,"minecraft:bread":2,"minecraft:stone_axe":57,"minecraft:beef":11,"minecraft:porkchop":6,"minecraft:orange_terracotta":1},"minecraft:custom":{"minecraft:interact_with_furnace":9,"minecraft:mob_kills":24,"minecraft:interact_with_crafting_table":8,"minecraft:play_one_minute":29912,"minecraft:time_since_death":2945,"minecraft:climb_one_cm":326,"minecraft:sleep_in_bed":1,"minecraft:time_since_rest":2780,"minecraft:waystone_activated":1,"minecraft:sprint_one_cm":124399,"minecraft:damage_taken":1561,"minecraft:walk_one_cm":61566,"minecraft:drop":2,"minecraft:damage_dealt":4719,"minecraft:damage_dealt_absorbed":40,"minecraft:swim_one_cm":1164,"minecraft:fly_one_cm":217209,"minecraft:open_chest":15,"minecraft:crouch_one_cm":1315,"tombstone:undead_killed":2,"minecraft:deaths":3,"minecraft:sneak_time":791,"minecraft:walk_under_water_one_cm":26,"minecraft:jump":1015,"minecraft:walk_on_water_one_cm":691,"minecraft:fall_one_cm":24802},"minecraft:killed_by":{"minecraft:creeper":1,"iceandfire:cockatrice":1,"lycanitesmobs:sylph":1},"minecraft:killed":{"lycanitesmobs:sylph":4,"lycanitesmobs:krake":1,"minecraft:pig":2,"minecraft:rabbit":2,"minecraft:spider":2,"minecraft:creeper":2,"iceandfire:cockatrice":1,"minecraft:sheep":3,"minecraft:skeleton":2,"lycanitesmobs:geonach":1,"minecraft:cow":3},"minecraft:crafted":{"minecraft:oak_planks":72,"minecraft:crafting_table":1,"minecraft:wooden_pickaxe":1,"minecraft:iron_sword":1,"minecraft:stone_axe":1,"minecraft:air":0,"minecraft:stick":12,"minecraft:iron_ingot":2,"minecraft:stone_pickaxe":1,"minecraft:torch":20}},"DataVersion":2586}