{"stats":{"minecraft:crafted":{"minecraft:oak_planks":88,"lycanitesmobs:equipmentforge_greater":1,"lycanitesmobs:sturdysummoningstaff":1,"lycanitesmobs:cooked_bobeko_meat":22,"minecraft:glass":18,"minecraft:honey_bottle":12,"minecraft:glass_bottle":12,"minecraft:crafting_table":4,"minecraft:wooden_pickaxe":1,"lycanitesmobs:equipmentpart_ironrod":1,"lycanitesmobs:equipmentpart_woodenguard":1,"minecraft:shield":2,"minecraft:stick":44,"lycanitesmobs:equipmentforge_lesser":2,"minecraft:iron_ingot":27,"minecraft:iron_pickaxe":1,"minecraft:iron_block":1,"lycanitesmobs:summoningstaff":1,"minecraft:shears":1,"lycanitesmobs:cooked_maka_meat":14,"foodtxf:cooked_player_flesh":13,"lycanitesmobs:equipmentpart_woodenrod":2,"minecraft:furnace":4,"minecraft:stone_pickaxe":1,"lycanitesmobs:treat_arachnid":8,"minecraft:wheat":315,"sophisticatedbackpacks:iron_backpack":1,"minecraft:diamond_sword":1,"minecraft:iron_sword":2,"minecraft:stone_axe":1,"minecraft:air":0,"minecraft:bread":105,"lycanitesmobs:cooked_krake_meat":7,"minecraft:wooden_axe":2,"minecraft:torch":72,"lycanitesmobs:equipmentpart_ironpikejoint":1},"minecraft:killed_by":{"lycanitesmobs:ioray":1,"iceandfire:cyclops":3,"lycanitesmobs:krake":2,"minecraft:creeper":2,"lycanitesmobs:triffid":1,"lycanitesmobs:erepede":1,"lycanitesmobs:warg":1,"lycanitesmobs:vespid":2,"lycanitesmobs:calpod":1,"lycanitesmobs:wendigo":1,"lycanitesmobs:necrovore":1,"lycanitesmobs:clink":6,"minecraft:zombie":2,"lycanitesmobs:spectre":12,"lycanitesmobs:tremor":1,"minecraft:player":1,"lycanitesmobs:ventoraptor":3,"lycanitesmobs:shambler":2,"iceandfire:hippogryph":1,"lycanitesmobs:troll":1,"lycanitesmobs:roc":1,"lycanitesmobs:geonach":1,"lycanitesmobs:reiver":8,"minecraft:skeleton":4,"lycanitesmobs:grue":2,"iceandfire:cockatrice":2,"lycanitesmobs:sylph":1},"minecraft:killed":{"lycanitesmobs:concapede":3,"lycanitesmobs:krake":17,"lycanitesmobs:arix":6,"lycanitesmobs:zoataur":1,"lycanitesmobs:cryptkeeper":10,"lycanitesmobs:roc":14,"minecraft:spider":11,"lycanitesmobs:sutiramu":12,"minecraft:skeleton":13,"lycanitesmobs:yale":1,"lycanitesmobs:necrovore":6,"lycanitesmobs:bobeko":7,"lycanitesmobs:maka":3,"lycanitesmobs:erepede":2,"lycanitesmobs:sylph":6,"minecraft:pig":2,"lycanitesmobs:aegis":1,"minecraft:zombie_villager":1,"lycanitesmobs:jouste":4,"lycanitesmobs:brucha":3,"lycanitesmobs:frostweaver":6,"lycanitesmobs:geist":2,"lycanitesmobs:wraamon":1,"lycanitesmobs:gorgomite":1,"minecraft:creeper":5,"iceandfire:cockatrice":3,"minecraft:sheep":3,"minecraft:zombie":15,"lycanitesmobs:argus":1,"lycanitesmobs:geonach":2,"lycanitesmobs:warg":2,"minecraft:cow":3,"lycanitesmobs:vespidqueen":2,"lycanitesmobs:tremor":1,"lycanitesmobs:banshee":1,"lycanitesmobs:reaper":5,"lycanitesmobs:wendigo":1,"lycanitesmobs:darkling":1,"lycanitesmobs:shambler":3,"lycanitesmobs:spectre":1,"lycanitesmobs:conba":1,"lycanitesmobs:ent":9,"lycanitesmobs:clink":7,"lycanitesmobs:maug":6,"lycanitesmobs:joustealpha":1,"lycanitesmobs:triffid":2,"lycanitesmobs:grue":4,"lycanitesmobs:kobold":5,"lycanitesmobs:crusk":1,"minecraft:rabbit":3,"lycanitesmobs:barghest":1,"lycanitesmobs:calpod":2,"lycanitesmobs:chupacabra":8,"lycanitesmobs:jengu":1,"lycanitesmobs:jabberwock":1,"lycanitesmobs:reiver":9,"lycanitesmobs:afrit":2,"lycanitesmobs:vespid":11},"minecraft:mined":{"minecraft:spruce_planks":2,"minecraft:stone_pressure_plate":1,"iceandfire:copper_pile":1,"minecraft:grass_block":5,"minecraft:polished_diorite":1,"minecraft:spawner":2,"minecraft:tall_seagrass":2,"minecraft:iron_ore":8,"lycanitesmobs:desertstonetile":1,"minecraft:cut_sandstone":5,"minecraft:kelp_plant":1,"minecraft:orange_terracotta":1,"minecraft:torch":3,"minecraft:dead_bush":1,"iceandfire:fire_lily":2,"lycanitesmobs:desertstonechiseled":1,"minecraft:cobblestone":3,"minecraft:wall_torch":6,"lycanitesmobs:smitefire":13,"lycanitesmobs:frostweb":6,"minecraft:tnt":9,"minecraft:grass":70,"minecraft:oak_log":25,"minecraft:sand":50,"minecraft:dirt":8,"minecraft:oak_leaves":5,"lycanitesmobs:icefire":25,"minecraft:spruce_leaves":3,"minecraft:sandstone":9,"minecraft:large_fern":7,"minecraft:hay_block":51,"minecraft:chiseled_sandstone":1,"lycanitesmobs:desertstonebrick":3,"minecraft:andesite":2,"lycanitesmobs:frostfire":1,"minecraft:stone":112,"minecraft:white_wool":2,"minecraft:glass_pane":3,"minecraft:crafting_table":2,"minecraft:honey_block":152,"minecraft:tall_grass":16,"minecraft:diorite":8,"minecraft:spruce_stairs":1,"minecraft:sweet_berry_bush":1,"minecraft:grass_path":2,"minecraft:coal_ore":21,"minecraft:cobweb":1,"lycanitesmobs:scorchfire":337,"minecraft:polished_andesite":1,"minecraft:fern":5},"minecraft:picked_up":{"lycanitesmobs:quillcharge":7,"lycanitesmobs:raw_chupacabra_meat":14,"minecraft:wheat":2,"minecraft:chainmail_boots":1,"minecraft:prismarine_shard":20,"minecraft:diamond_sword":2,"minecraft:enchanted_book":2,"lycanitesmobs:propolis":19,"lycanitesmobs:equipmentpart_geonachspear":2,"iceandfire:manuscript":37,"lycanitesmobs:raw_arisaur_meat":6,"minecraft:string":33,"minecraft:armor_stand":2,"minecraft:experience_bottle":1,"lycanitesmobs:equipmentpart_geonachfist":1,"minecraft:gold_nugget":70,"minecraft:spruce_planks":1,"lycanitesmobs:raw_bobeko_meat":24,"minecraft:acacia_sign":1,"minecraft:red_dye":3,"minecraft:iron_boots":1,"minecraft:stick":14,"minecraft:torch":10,"minecraft:spruce_stairs":1,"minecraft:porkchop":6,"lycanitesmobs:desertstonechiseled":1,"tombstone:grave_dust":3,"minecraft:diorite":8,"lycanitesmobs:geistliver":3,"lycanitesmobs:soulstone_dragon":1,"minecraft:honey_bottle":2,"minecraft:rotten_flesh":42,"lycanitesmobs:soulstone_undead":1,"minecraft:green_wool":2,"lycanitesmobs:equipmentpart_bansheeeye":1,"minecraft:obsidian":24,"minecraft:snowball":68,"minecraft:blaze_powder":11,"minecraft:cobblestone":112,"minecraft:leather_chestplate":1,"minecraft:feather":39,"minecraft:andesite":2,"lycanitesmobs:tundracharge":7,"lycanitesmobs:poopcharge":1,"minecraft:flint":35,"lycanitesmobs:equipmentpart_wargskull":1,"lycanitesmobs:icefireballcharge":17,"lycanitesmobs:frostwebcharge":14,"minecraft:map":7,"minecraft:dirt":46,"minecraft:lantern":2,"minecraft:name_tag":1,"lycanitesmobs:aetherwavecharge":11,"minecraft:bone":114,"minecraft:acacia_planks":40,"minecraft:wheat_seeds":26,"minecraft:rabbit":4,"minecraft:glowstone_dust":43,"minecraft:oak_planks":1,"lycanitesmobs:raw_yale_meat":2,"lycanitesmobs:spectralboltcharge":13,"lycanitesmobs:frostboltcharge":14,"lycanitesmobs:equipmentpart_reiverhorns":1,"iceandfire:dragon_skull_fire":2,"minecraft:sand":64,"minecraft:dead_bush":2,"minecraft:chiseled_sandstone":1,"lycanitesmobs:equipmentpart_spectretendril":1,"minecraft:polished_andesite":4,"lycanitesmobs:scorchfireballcharge":2,"minecraft:diamond":62,"waystones:waystone":1,"minecraft:chainmail_helmet":1,"minecraft:chorus_fruit":12,"minecraft:crafting_table":5,"iceandfire:witherbone":4,"minecraft:clay_ball":129,"minecraft:leather_leggings":1,"iceandfire:fire_lily":2,"minecraft:brown_mushroom":3,"minecraft:packed_ice":6,"lycanitesmobs:equipmentpart_clinkscythe":1,"minecraft:snow":13,"iceandfire:bestiary":1,"minecraft:beef":11,"minecraft:player_head":1,"lycanitesmobs:raw_maka_meat":12,"minecraft:spruce_trapdoor":1,"minecraft:phantom_membrane":8,"minecraft:sandstone":11,"iceandfire:dragonbone":48,"minecraft:stone":11,"lycanitesmobs:frostyfur":23,"lycanitesmobs:cleansingcrystal":1,"minecraft:prismarine_crystals":12,"minecraft:stone_pressure_plate":1,"lycanitesmobs:poisonraycharge":3,"lycanitesmobs:soulgazer":2,"minecraft:tnt":18,"lycanitesmobs:aquapulsecharge":3,"iceandfire:silver_ingot":4,"lycanitesmobs:equipmentpart_arixbrain":1,"minecraft:arrow":18,"lycanitesmobs:raw_jouste_meat":5,"minecraft:hay_block":67,"lycanitesmobs:chaosorbcharge":4,"minecraft:mutton":5,"minecraft:white_wool":7,"minecraft:salmon":8,"minecraft:cut_sandstone":5,"minecraft:leather":86,"minecraft:acacia_wood":1,"minecraft:red_mushroom":4,"lycanitesmobs:throwingscythecharge":65,"minecraft:ice":46,"lycanitesmobs:mudshotcharge":5,"lycanitesmobs:sturdysummoningstaff":1,"minecraft:oak_log":38,"minecraft:chainmail_chestplate":1,"lycanitesmobs:cooked_chupacabra_meat":2,"lycanitesmobs:veswax":49,"lycanitesmobs:raw_krake_meat":18,"minecraft:gunpowder":12,"minecraft:paper":12,"lycanitesmobs:equipmentpart_sutiramustinger":1,"minecraft:orange_terracotta":1,"minecraft:rabbit_hide":1,"minecraft:iron_ingot":8,"minecraft:stone_pickaxe":1,"minecraft:cooked_chicken":8,"minecraft:iron_ore":23,"tombstone:bag_of_seeds":1,"minecraft:glass_bottle":10,"minecraft:soul_sand":11,"minecraft:book":12,"iceandfire:copper_nugget":42,"minecraft:dandelion":4,"minecraft:quartz":46,"lycanitesmobs:equipmentpart_grueclaw":1,"minecraft:spruce_sapling":10,"minecraft:white_bed":1,"lycanitesmobs:desertstonebrick":4,"minecraft:spruce_log":3,"lycanitesmobs:treat_arachnid":4,"minecraft:spider_eye":15,"lycanitesmobs:desertstonepillar":1,"lycanitesmobs:desertstonetile":3,"lycanitesmobs:raw_concapede_meat":5,"minecraft:pumpkin_seeds":15,"minecraft:polished_diorite":1,"minecraft:honey_block":161,"minecraft:chainmail_leggings":1,"minecraft:gray_wool":1,"tombstone:magic_scroll":1,"minecraft:melon_seeds":3,"minecraft:black_wool":2,"minecraft:coal":56,"minecraft:ender_pearl":11},"minecraft:dropped":{"minecraft:soul_sand":4,"minecraft:brown_mushroom":3,"minecraft:diamond":63,"lycanitesmobs:sturdysummoningstaff":1,"minecraft:gold_nugget":29,"lycanitesmobs:desertstonebrick":1,"minecraft:bone":40,"minecraft:gold_ingot":9,"foodtxf:player_flesh":4,"endrem:old_eye":1,"minecraft:wheat":1,"minecraft:oak_planks":1,"minecraft:melon_seeds":1,"iceandfire:bestiary":1,"lycanitesmobs:soulgazer":1,"lycanitesmobs:equipmentpart_geonachspear":1,"lycanitesmobs:summoningstaff":2,"minecraft:bread":57,"minecraft:wheat_seeds":27,"minecraft:book":1,"minecraft:coal":6,"lycanitesmobs:raw_chupacabra_meat":1,"minecraft:stick":9,"minecraft:gray_wool":1,"tombstone:grave_dust":1,"lycanitesmobs:treat_arachnid":4,"minecraft:spruce_sapling":1,"minecraft:pumpkin_seeds":1,"minecraft:snow":8,"minecraft:stone":7,"minecraft:shield":1,"minecraft:wooden_pickaxe":1,"lycanitesmobs:poopcharge":1},"minecraft:used":{"minecraft:iron_shovel":49,"minecraft:shield":122,"minecraft:stone":4,"minecraft:iron_sword":532,"minecraft:rotten_flesh":34,"minecraft:mutton":3,"minecraft:snowball":26,"lycanitesmobs:cooked_bobeko_meat":22,"minecraft:jungle_sapling":4,"minecraft:packed_ice":1,"minecraft:lantern":2,"lycanitesmobs:raw_maka_meat":1,"minecraft:furnace":5,"minecraft:diorite":8,"minecraft:stone_pickaxe":67,"minecraft:oak_planks":7,"minecraft:wooden_pickaxe":27,"minecraft:sandstone":2,"minecraft:white_wool":3,"minecraft:sand":23,"foodtxf:player_flesh":20,"minecraft:chiseled_sandstone":1,"minecraft:bread":116,"tombstone:grave_key":45,"lycanitesmobs:desertstonechiseled":1,"lycanitesmobs:desertstonebrick":3,"minecraft:diamond_sword":922,"lycanitesmobs:equipmentforge_greater":1,"lycanitesmobs:frostyfur":2,"lycanitesmobs:equipmentforge_lesser":1,"minecraft:andesite":2,"minecraft:experience_bottle":1,"minecraft:armor_stand":2,"minecraft:spruce_planks":1,"minecraft:cooked_chicken":4,"minecraft:torch":94,"minecraft:dirt":42,"minecraft:spruce_stairs":1,"minecraft:polished_diorite":1,"minecraft:beef":11,"tombstone:gift":7,"minecraft:stone_pressure_plate":1,"minecraft:orange_terracotta":1,"minecraft:acacia_planks":9,"lycanitesmobs:cooked_krake_meat":7,"lycanitesmobs:desertstonetile":1,"lycanitesmobs:raw_chupacabra_meat":1,"minecraft:polished_andesite":4,"minecraft:cut_sandstone":5,"minecraft:crafting_table":9,"foodtxf:cooked_player_flesh":8,"minecraft:spruce_log":4,"tombstone:bag_of_seeds":1,"minecraft:acacia_stairs":1,"lycanitesmobs:cooked_maka_meat":4,"minecraft:acacia_sign":1,"minecraft:iron_pickaxe":119,"lycanitesmobs:desertstonepillar":1,"tombstone:magic_scroll":1,"minecraft:spruce_trapdoor":1,"minecraft:spruce_sapling":5,"minecraft:stone_axe":79,"minecraft:cobblestone":35,"minecraft:porkchop":6},"minecraft:broken":{"minecraft:golden_helmet":1,"minecraft:leather_leggings":1,"minecraft:iron_boots":1,"minecraft:chainmail_boots":1,"minecraft:stone_axe":1,"minecraft:iron_sword":2,"minecraft:golden_chestplate":1,"minecraft:chainmail_leggings":1,"minecraft:leather_chestplate":2,"minecraft:shield":1,"minecraft:iron_helmet":2},"minecraft:custom":{"minecraft:interact_with_crafting_table":66,"minecraft:open_barrel":1,"minecraft:leave_game":6,"minecraft:time_since_death":1930,"minecraft:damage_resisted":246,"minecraft:sprint_one_cm":1177255,"minecraft:damage_blocked_by_shield":2252,"minecraft:drop":53,"minecraft:talked_to_villager":2,"minecraft:deaths":64,"minecraft:jump":6938,"minecraft:walk_on_water_one_cm":23758,"minecraft:interact_with_furnace":88,"minecraft:play_one_minute":317744,"minecraft:sleep_in_bed":4,"minecraft:waystone_activated":2,"minecraft:damage_dealt":56239,"minecraft:player_kills":1,"minecraft:crouch_one_cm":14924,"tombstone:undead_killed":54,"minecraft:inspect_dispenser":1,"minecraft:mob_kills":266,"minecraft:damage_dealt_resisted":232,"minecraft:climb_one_cm":11353,"minecraft:walk_one_cm":799581,"minecraft:damage_dealt_absorbed":160,"minecraft:sneak_time":4854,"minecraft:walk_under_water_one_cm":9453,"minecraft:interact_with_blast_furnace":6,"minecraft:interact_with_grindstone":1,"minecraft:time_since_rest":1728,"minecraft:damage_taken":27895,"minecraft:damage_absorbed":159,"tombstone:cast_on_ally":0,"minecraft:swim_one_cm":74347,"minecraft:fly_one_cm":1730599,"minecraft:open_chest":167,"minecraft:fall_one_cm":250654}},"DataVersion":2586}