{"stats":{"minecraft:dropped":{"endrem:old_eye":1,"minecraft:coal":6,"tombstone:grave_dust":1,"lycanitesmobs:summoningstaff":1},"minecraft:picked_up":{"minecraft:crafting_table":1,"minecraft:leather_chestplate":1,"minecraft:feather":4,"minecraft:leather_leggings":1,"iceandfire:fire_lily":1,"minecraft:leather":7,"minecraft:cut_sandstone":5,"minecraft:oak_log":18,"minecraft:gunpowder":2,"minecraft:string":3,"minecraft:dirt":4,"lycanitesmobs:equipmentpart_geonachspear":1,"minecraft:armor_stand":1,"minecraft:orange_terracotta":1,"minecraft:experience_bottle":1,"lycanitesmobs:aetherwavecharge":6,"minecraft:bone":4,"lycanitesmobs:equipmentpart_geonachfist":1,"minecraft:wheat_seeds":2,"minecraft:gold_nugget":17,"minecraft:rabbit_hide":1,"minecraft:beef":11,"minecraft:cooked_chicken":2,"minecraft:iron_ore":2,"minecraft:player_head":1,"minecraft:rabbit":1,"minecraft:glowstone_dust":16,"lycanitesmobs:raw_maka_meat":1,"minecraft:soul_sand":3,"minecraft:iron_boots":1,"minecraft:sandstone":9,"minecraft:stone":7,"minecraft:torch":1,"minecraft:quartz":5,"minecraft:porkchop":6,"minecraft:sand":1,"lycanitesmobs:cleansingcrystal":1,"tombstone:grave_dust":2,"minecraft:chiseled_sandstone":1,"minecraft:spider_eye":2,"minecraft:stone_pressure_plate":1,"minecraft:tnt":9,"lycanitesmobs:scorchfireballcharge":2,"minecraft:arrow":2,"minecraft:rotten_flesh":1,"lycanitesmobs:raw_jouste_meat":1,"minecraft:gray_wool":1,"lycanitesmobs:equipmentpart_bansheeeye":1,"tombstone:magic_scroll":1,"minecraft:black_wool":1,"minecraft:mutton":5,"minecraft:coal":14,"minecraft:white_wool":4,"minecraft:cobblestone":28,"minecraft:ender_pearl":2},"minecraft:mined":{"minecraft:cut_sandstone":5,"minecraft:stone_pressure_plate":1,"minecraft:orange_terracotta":1,"minecraft:crafting_table":2,"minecraft:grass_block":2,"iceandfire:fire_lily":1,"minecraft:tall_grass":3,"minecraft:sandstone":9,"minecraft:wall_torch":1,"lycanitesmobs:smitefire":5,"minecraft:chiseled_sandstone":1,"minecraft:tnt":9,"minecraft:grass":17,"minecraft:oak_log":18,"minecraft:coal_ore":11,"minecraft:dirt":4,"minecraft:stone":29,"minecraft:white_wool":2,"minecraft:oak_leaves":2,"minecraft:fern":1},"minecraft:used":{"minecraft:armor_stand":1,"minecraft:stone_pickaxe":65,"minecraft:wooden_pickaxe":16,"minecraft:cut_sandstone":5,"minecraft:iron_sword":84,"minecraft:cooked_chicken":2,"minecraft:rotten_flesh":4,"minecraft:white_wool":3,"minecraft:torch":5,"minecraft:dirt":4,"minecraft:sand":20,"minecraft:mutton":3,"minecraft:crafting_table":3,"foodtxf:cooked_player_flesh":2,"foodtxf:player_flesh":4,"minecraft:jungle_sapling":4,"minecraft:bread":3,"tombstone:magic_scroll":1,"minecraft:stone_axe":57,"minecraft:beef":11,"minecraft:furnace":1,"minecraft:porkchop":6,"lycanitesmobs:equipmentforge_lesser":1,"tombstone:gift":1,"minecraft:stone_pressure_plate":1,"minecraft:experience_bottle":1,"minecraft:orange_terracotta":1},"minecraft:custom":{"minecraft:interact_with_furnace":11,"minecraft:mob_kills":32,"minecraft:interact_with_crafting_table":12,"minecraft:open_barrel":1,"minecraft:play_one_minute":41912,"minecraft:time_since_death":14945,"minecraft:climb_one_cm":326,"minecraft:sleep_in_bed":1,"minecraft:time_since_rest":14780,"minecraft:waystone_activated":1,"minecraft:sprint_one_cm":178667,"minecraft:damage_taken":1784,"minecraft:walk_one_cm":90243,"minecraft:drop":4,"minecraft:damage_dealt":5839,"minecraft:talked_to_villager":2,"minecraft:damage_dealt_absorbed":40,"minecraft:swim_one_cm":1164,"minecraft:fly_one_cm":276572,"minecraft:open_chest":23,"minecraft:crouch_one_cm":1315,"tombstone:undead_killed":3,"minecraft:deaths":3,"minecraft:sneak_time":805,"minecraft:walk_under_water_one_cm":26,"minecraft:jump":1257,"minecraft:walk_on_water_one_cm":930,"minecraft:inspect_dispenser":1,"minecraft:fall_one_cm":30683},"minecraft:killed_by":{"minecraft:creeper":1,"iceandfire:cockatrice":1,"lycanitesmobs:sylph":1},"minecraft:killed":{"lycanitesmobs:joustealpha":1,"lycanitesmobs:sylph":4,"lycanitesmobs:krake":1,"minecraft:pig":2,"lycanitesmobs:jouste":1,"lycanitesmobs:roc":1,"minecraft:rabbit":2,"minecraft:spider":4,"minecraft:creeper":2,"iceandfire:cockatrice":1,"minecraft:sheep":3,"minecraft:skeleton":3,"lycanitesmobs:geonach":1,"lycanitesmobs:afrit":1,"lycanitesmobs:maka":1,"minecraft:cow":3},"minecraft:crafted":{"minecraft:oak_planks":72,"minecraft:crafting_table":1,"minecraft:wooden_pickaxe":1,"minecraft:iron_sword":1,"minecraft:stone_axe":1,"minecraft:air":0,"minecraft:stick":16,"lycanitesmobs:equipmentforge_lesser":1,"minecraft:iron_ingot":2,"minecraft:stone_pickaxe":1,"minecraft:wooden_axe":1,"minecraft:torch":20,"lycanitesmobs:summoningstaff":1}},"DataVersion":2586}