{"stats":{"minecraft:picked_up":{"minecraft:crafting_table":1,"lycanitesmobs:raw_chupacabra_meat":5,"iceandfire:fire_lily":1,"minecraft:leather_leggings":1,"lycanitesmobs:equipmentpart_geonachspear":1,"minecraft:string":5,"minecraft:armor_stand":1,"minecraft:experience_bottle":1,"lycanitesmobs:equipmentpart_geonachfist":1,"minecraft:gold_nugget":23,"minecraft:beef":11,"minecraft:player_head":1,"lycanitesmobs:raw_maka_meat":1,"minecraft:phantom_membrane":5,"minecraft:iron_boots":1,"minecraft:sandstone":9,"minecraft:stone":8,"minecraft:torch":2,"minecraft:porkchop":6,"lycanitesmobs:desertstonechiseled":1,"lycanitesmobs:cleansingcrystal":1,"tombstone:grave_dust":3,"lycanitesmobs:geistliver":3,"minecraft:stone_pressure_plate":1,"minecraft:tnt":9,"minecraft:arrow":4,"minecraft:rotten_flesh":12,"lycanitesmobs:raw_jouste_meat":1,"minecraft:hay_block":35,"lycanitesmobs:equipmentpart_bansheeeye":1,"minecraft:obsidian":1,"minecraft:mutton":5,"minecraft:cobblestone":29,"minecraft:white_wool":4,"minecraft:leather_chestplate":1,"minecraft:feather":4,"minecraft:cut_sandstone":5,"minecraft:leather":8,"lycanitesmobs:poopcharge":1,"lycanitesmobs:throwingscythecharge":17,"lycanitesmobs:mudshotcharge":5,"minecraft:flint":17,"minecraft:oak_log":18,"minecraft:gunpowder":2,"minecraft:dirt":4,"minecraft:lantern":1,"lycanitesmobs:equipmentpart_sutiramustinger":1,"minecraft:orange_terracotta":1,"lycanitesmobs:aetherwavecharge":6,"minecraft:bone":40,"minecraft:acacia_planks":40,"minecraft:wheat_seeds":2,"minecraft:rabbit_hide":1,"minecraft:cooked_chicken":2,"minecraft:iron_ore":11,"minecraft:glowstone_dust":16,"minecraft:rabbit":1,"minecraft:oak_planks":1,"minecraft:soul_sand":7,"lycanitesmobs:spectralboltcharge":10,"minecraft:quartz":6,"minecraft:sand":4,"lycanitesmobs:desertstonebrick":1,"minecraft:chiseled_sandstone":1,"minecraft:spider_eye":7,"lycanitesmobs:desertstonepillar":1,"lycanitesmobs:desertstonetile":1,"lycanitesmobs:scorchfireballcharge":2,"minecraft:diamond":10,"minecraft:gray_wool":1,"tombstone:magic_scroll":1,"minecraft:black_wool":1,"minecraft:coal":14,"minecraft:ender_pearl":3},"minecraft:dropped":{"minecraft:bread":57,"minecraft:soul_sand":4,"minecraft:wheat_seeds":8,"minecraft:coal":6,"lycanitesmobs:raw_chupacabra_meat":1,"minecraft:gray_wool":1,"tombstone:grave_dust":1,"endrem:old_eye":1,"minecraft:oak_planks":1,"minecraft:stone":7,"minecraft:shield":1,"lycanitesmobs:summoningstaff":2,"lycanitesmobs:poopcharge":1},"minecraft:broken":{"minecraft:leather_leggings":1,"minecraft:leather_chestplate":1,"minecraft:iron_sword":1},"minecraft:mined":{"minecraft:stone_pressure_plate":1,"minecraft:grass_block":2,"minecraft:sandstone":9,"minecraft:spawner":2,"minecraft:hay_block":35,"minecraft:chiseled_sandstone":1,"lycanitesmobs:desertstonebrick":1,"lycanitesmobs:desertstonetile":1,"minecraft:stone":30,"minecraft:white_wool":2,"minecraft:cut_sandstone":5,"minecraft:orange_terracotta":1,"minecraft:crafting_table":2,"iceandfire:fire_lily":1,"minecraft:tall_grass":4,"lycanitesmobs:desertstonechiseled":1,"minecraft:wall_torch":1,"lycanitesmobs:smitefire":5,"minecraft:tnt":9,"minecraft:grass":18,"minecraft:coal_ore":11,"minecraft:oak_log":18,"minecraft:sand":4,"minecraft:dirt":4,"lycanitesmobs:scorchfire":42,"minecraft:oak_leaves":2,"minecraft:fern":1},"minecraft:used":{"minecraft:armor_stand":1,"minecraft:shield":3,"minecraft:stone":1,"minecraft:iron_sword":304,"minecraft:cooked_chicken":2,"minecraft:rotten_flesh":4,"minecraft:torch":37,"minecraft:dirt":4,"minecraft:mutton":3,"minecraft:jungle_sapling":4,"minecraft:lantern":1,"minecraft:beef":11,"minecraft:furnace":1,"tombstone:gift":3,"minecraft:stone_pressure_plate":1,"minecraft:orange_terracotta":1,"lycanitesmobs:desertstonetile":1,"lycanitesmobs:raw_chupacabra_meat":1,"minecraft:stone_pickaxe":65,"minecraft:wooden_pickaxe":26,"minecraft:cut_sandstone":5,"minecraft:white_wool":3,"minecraft:sand":23,"minecraft:crafting_table":3,"foodtxf:cooked_player_flesh":2,"foodtxf:player_flesh":4,"lycanitesmobs:cooked_maka_meat":1,"minecraft:chiseled_sandstone":1,"minecraft:bread":39,"lycanitesmobs:desertstonepillar":1,"tombstone:magic_scroll":1,"tombstone:grave_key":4,"lycanitesmobs:desertstonechiseled":1,"minecraft:stone_axe":71,"lycanitesmobs:desertstonebrick":1,"minecraft:porkchop":6,"lycanitesmobs:equipmentforge_lesser":1,"minecraft:experience_bottle":1},"minecraft:custom":{"minecraft:mob_kills":68,"minecraft:interact_with_crafting_table":20,"minecraft:open_barrel":1,"minecraft:time_since_death":1123,"minecraft:climb_one_cm":326,"minecraft:sprint_one_cm":310645,"minecraft:walk_one_cm":214745,"minecraft:damage_blocked_by_shield":48,"minecraft:drop":16,"minecraft:damage_dealt_absorbed":40,"minecraft:talked_to_villager":2,"minecraft:deaths":13,"minecraft:sneak_time":1295,"minecraft:walk_under_water_one_cm":26,"minecraft:jump":2078,"minecraft:walk_on_water_one_cm":930,"minecraft:interact_with_furnace":12,"minecraft:play_one_minute":77912,"minecraft:sleep_in_bed":1,"minecraft:time_since_rest":942,"minecraft:waystone_activated":1,"minecraft:damage_taken":6231,"minecraft:damage_dealt":15316,"minecraft:swim_one_cm":1164,"minecraft:fly_one_cm":433331,"minecraft:open_chest":31,"minecraft:crouch_one_cm":4376,"tombstone:undead_killed":19,"minecraft:fall_one_cm":37511,"minecraft:inspect_dispenser":1},"minecraft:killed_by":{"minecraft:player":1,"minecraft:creeper":1,"lycanitesmobs:erepede":1,"lycanitesmobs:geonach":1,"minecraft:skeleton":1,"lycanitesmobs:clink":6,"iceandfire:cockatrice":1,"lycanitesmobs:sylph":1},"minecraft:killed":{"lycanitesmobs:krake":1,"lycanitesmobs:banshee":1,"lycanitesmobs:reaper":2,"lycanitesmobs:cryptkeeper":10,"lycanitesmobs:roc":1,"minecraft:spider":4,"lycanitesmobs:sutiramu":8,"minecraft:skeleton":6,"lycanitesmobs:conba":1,"lycanitesmobs:clink":5,"lycanitesmobs:maka":1,"lycanitesmobs:erepede":2,"lycanitesmobs:joustealpha":1,"lycanitesmobs:sylph":4,"minecraft:pig":2,"lycanitesmobs:grue":1,"lycanitesmobs:jouste":1,"lycanitesmobs:geist":1,"lycanitesmobs:crusk":1,"minecraft:rabbit":2,"minecraft:creeper":3,"iceandfire:cockatrice":1,"minecraft:sheep":3,"lycanitesmobs:chupacabra":2,"lycanitesmobs:geonach":1,"lycanitesmobs:afrit":1,"minecraft:cow":3},"minecraft:crafted":{"lycanitesmobs:cooked_maka_meat":1,"minecraft:oak_planks":72,"minecraft:stone_pickaxe":1,"minecraft:wheat":315,"minecraft:crafting_table":1,"minecraft:wooden_pickaxe":1,"minecraft:iron_sword":2,"minecraft:stone_axe":1,"minecraft:bread":105,"minecraft:air":0,"minecraft:shield":2,"minecraft:stick":28,"lycanitesmobs:equipmentforge_lesser":1,"minecraft:iron_ingot":2,"minecraft:wooden_axe":1,"minecraft:torch":36,"lycanitesmobs:summoningstaff":1}},"DataVersion":2586}