{"stats":{"minecraft:mined":{"minecraft:stone_pressure_plate":1,"iceandfire:copper_pile":1,"minecraft:grass_block":3,"minecraft:polished_diorite":1,"minecraft:sandstone":9,"minecraft:spawner":2,"minecraft:hay_block":51,"minecraft:tall_seagrass":2,"minecraft:chiseled_sandstone":1,"lycanitesmobs:desertstonebrick":3,"lycanitesmobs:desertstonetile":1,"minecraft:stone":54,"minecraft:white_wool":2,"minecraft:cut_sandstone":5,"minecraft:kelp_plant":1,"minecraft:orange_terracotta":1,"minecraft:torch":2,"minecraft:crafting_table":2,"minecraft:honey_block":152,"minecraft:dead_bush":1,"lycanitesmobs:desertstonechiseled":1,"minecraft:tall_grass":15,"iceandfire:fire_lily":2,"minecraft:cobblestone":1,"minecraft:wall_torch":6,"lycanitesmobs:smitefire":13,"minecraft:tnt":9,"minecraft:grass_path":2,"minecraft:grass":62,"minecraft:coal_ore":12,"minecraft:oak_log":25,"minecraft:sand":50,"minecraft:dirt":7,"minecraft:cobweb":1,"minecraft:polished_andesite":1,"lycanitesmobs:scorchfire":326,"minecraft:oak_leaves":5,"minecraft:fern":3},"minecraft:dropped":{"minecraft:bread":57,"minecraft:soul_sand":4,"minecraft:brown_mushroom":3,"minecraft:wheat_seeds":18,"minecraft:diamond":63,"minecraft:book":1,"minecraft:coal":6,"lycanitesmobs:raw_chupacabra_meat":1,"minecraft:gray_wool":1,"tombstone:grave_dust":1,"lycanitesmobs:treat_arachnid":2,"minecraft:gold_nugget":29,"lycanitesmobs:desertstonebrick":1,"minecraft:bone":40,"minecraft:gold_ingot":9,"foodtxf:player_flesh":4,"minecraft:wheat":1,"endrem:old_eye":1,"minecraft:oak_planks":1,"minecraft:stone":7,"minecraft:shield":1,"iceandfire:bestiary":1,"lycanitesmobs:soulgazer":1,"lycanitesmobs:equipmentpart_geonachspear":1,"lycanitesmobs:summoningstaff":2,"minecraft:wooden_pickaxe":1,"lycanitesmobs:poopcharge":1},"minecraft:killed":{"lycanitesmobs:tremor":1,"lycanitesmobs:concapede":3,"lycanitesmobs:krake":8,"lycanitesmobs:banshee":1,"lycanitesmobs:reaper":4,"lycanitesmobs:zoataur":1,"lycanitesmobs:cryptkeeper":10,"lycanitesmobs:roc":7,"minecraft:spider":7,"lycanitesmobs:sutiramu":12,"lycanitesmobs:darkling":1,"minecraft:skeleton":8,"lycanitesmobs:necrovore":1,"lycanitesmobs:conba":1,"lycanitesmobs:clink":7,"lycanitesmobs:maka":2,"lycanitesmobs:erepede":2,"lycanitesmobs:joustealpha":1,"lycanitesmobs:sylph":6,"lycanitesmobs:triffid":2,"minecraft:pig":2,"lycanitesmobs:aegis":1,"lycanitesmobs:grue":4,"lycanitesmobs:jouste":4,"lycanitesmobs:kobold":2,"lycanitesmobs:geist":1,"lycanitesmobs:crusk":1,"minecraft:rabbit":3,"lycanitesmobs:wraamon":1,"lycanitesmobs:gorgomite":1,"minecraft:creeper":5,"lycanitesmobs:barghest":1,"iceandfire:cockatrice":3,"minecraft:sheep":3,"lycanitesmobs:chupacabra":8,"minecraft:zombie":8,"lycanitesmobs:argus":1,"lycanitesmobs:geonach":2,"lycanitesmobs:afrit":1,"lycanitesmobs:vespid":11,"minecraft:cow":3,"lycanitesmobs:vespidqueen":2},"minecraft:broken":{"minecraft:leather_leggings":1,"minecraft:iron_boots":1,"minecraft:leather_chestplate":2,"minecraft:stone_axe":1,"minecraft:iron_sword":2,"minecraft:iron_helmet":1},"minecraft:custom":{"minecraft:mob_kills":152,"minecraft:interact_with_crafting_table":58,"minecraft:open_barrel":1,"minecraft:damage_dealt_resisted":232,"minecraft:leave_game":5,"minecraft:time_since_death":221,"minecraft:climb_one_cm":11353,"minecraft:damage_blocked_by_shield":892,"minecraft:sprint_one_cm":854714,"minecraft:walk_one_cm":534772,"minecraft:drop":41,"minecraft:damage_dealt_absorbed":160,"minecraft:talked_to_villager":2,"minecraft:deaths":29,"minecraft:sneak_time":3093,"minecraft:walk_under_water_one_cm":9364,"minecraft:jump":5261,"minecraft:interact_with_blast_furnace":6,"minecraft:walk_on_water_one_cm":18126,"minecraft:interact_with_furnace":50,"minecraft:play_one_minute":226628,"minecraft:sleep_in_bed":1,"minecraft:time_since_rest":1,"minecraft:waystone_activated":1,"minecraft:damage_taken":15447,"minecraft:damage_dealt":36522,"tombstone:cast_on_ally":0,"minecraft:swim_one_cm":74084,"minecraft:fly_one_cm":1225719,"minecraft:open_chest":119,"minecraft:crouch_one_cm":10385,"tombstone:undead_killed":33,"minecraft:fall_one_cm":148365,"minecraft:inspect_dispenser":1},"minecraft:used":{"minecraft:iron_shovel":49,"minecraft:armor_stand":2,"minecraft:shield":50,"minecraft:iron_sword":532,"minecraft:stone":4,"minecraft:cooked_chicken":4,"minecraft:rotten_flesh":32,"minecraft:torch":93,"minecraft:dirt":40,"minecraft:mutton":3,"minecraft:polished_diorite":1,"minecraft:jungle_sapling":4,"minecraft:lantern":2,"lycanitesmobs:raw_maka_meat":1,"minecraft:beef":11,"minecraft:furnace":3,"tombstone:gift":5,"minecraft:orange_terracotta":1,"minecraft:stone_pressure_plate":1,"minecraft:acacia_planks":9,"lycanitesmobs:desertstonetile":1,"minecraft:cut_sandstone":5,"minecraft:stone_pickaxe":67,"lycanitesmobs:raw_chupacabra_meat":1,"minecraft:polished_andesite":4,"minecraft:oak_planks":7,"minecraft:wooden_pickaxe":27,"minecraft:sandstone":2,"minecraft:white_wool":3,"minecraft:sand":23,"minecraft:crafting_table":9,"foodtxf:cooked_player_flesh":2,"foodtxf:player_flesh":11,"minecraft:acacia_stairs":1,"lycanitesmobs:cooked_maka_meat":2,"minecraft:chiseled_sandstone":1,"minecraft:acacia_sign":1,"minecraft:iron_pickaxe":30,"minecraft:bread":113,"lycanitesmobs:desertstonepillar":1,"tombstone:magic_scroll":1,"minecraft:spruce_trapdoor":1,"minecraft:stone_axe":79,"tombstone:grave_key":4,"lycanitesmobs:desertstonechiseled":1,"lycanitesmobs:desertstonebrick":3,"minecraft:diamond_sword":439,"minecraft:cobblestone":20,"lycanitesmobs:equipmentforge_greater":1,"minecraft:porkchop":6,"lycanitesmobs:equipmentforge_lesser":1,"minecraft:experience_bottle":1},"minecraft:crafted":{"lycanitesmobs:cooked_maka_meat":12,"minecraft:oak_planks":88,"lycanitesmobs:equipmentpart_woodenrod":2,"minecraft:furnace":2,"lycanitesmobs:equipmentforge_greater":1,"minecraft:glass":18,"minecraft:honey_bottle":12,"minecraft:stone_pickaxe":1,"lycanitesmobs:treat_arachnid":8,"sophisticatedbackpacks:iron_backpack":1,"minecraft:wheat":315,"minecraft:glass_bottle":12,"minecraft:diamond_sword":1,"minecraft:crafting_table":4,"minecraft:wooden_pickaxe":1,"minecraft:iron_sword":2,"lycanitesmobs:equipmentpart_ironrod":1,"minecraft:stone_axe":1,"minecraft:air":0,"minecraft:bread":105,"lycanitesmobs:equipmentpart_woodenguard":1,"minecraft:shield":2,"minecraft:stick":44,"lycanitesmobs:equipmentforge_lesser":2,"minecraft:iron_ingot":18,"minecraft:iron_pickaxe":1,"minecraft:wooden_axe":2,"minecraft:iron_block":1,"minecraft:torch":72,"lycanitesmobs:summoningstaff":1,"lycanitesmobs:equipmentpart_ironpikejoint":1},"minecraft:picked_up":{"lycanitesmobs:quillcharge":2,"minecraft:crafting_table":5,"lycanitesmobs:raw_chupacabra_meat":14,"minecraft:wheat":2,"iceandfire:fire_lily":2,"minecraft:chainmail_boots":1,"iceandfire:witherbone":4,"minecraft:clay_ball":118,"minecraft:prismarine_shard":20,"minecraft:leather_leggings":1,"minecraft:brown_mushroom":3,"minecraft:diamond_sword":2,"minecraft:enchanted_book":2,"lycanitesmobs:propolis":19,"iceandfire:manuscript":37,"minecraft:string":15,"lycanitesmobs:equipmentpart_geonachspear":2,"lycanitesmobs:equipmentpart_clinkscythe":1,"minecraft:armor_stand":2,"minecraft:experience_bottle":1,"lycanitesmobs:equipmentpart_geonachfist":1,"iceandfire:bestiary":1,"minecraft:gold_nugget":68,"minecraft:beef":11,"minecraft:acacia_sign":1,"minecraft:red_dye":3,"minecraft:player_head":1,"lycanitesmobs:raw_maka_meat":10,"minecraft:spruce_trapdoor":1,"minecraft:phantom_membrane":8,"minecraft:iron_boots":1,"minecraft:sandstone":11,"iceandfire:dragonbone":48,"minecraft:stone":11,"minecraft:torch":8,"minecraft:porkchop":6,"lycanitesmobs:desertstonechiseled":1,"lycanitesmobs:cleansingcrystal":1,"tombstone:grave_dust":3,"lycanitesmobs:geistliver":3,"minecraft:prismarine_crystals":12,"minecraft:stone_pressure_plate":1,"lycanitesmobs:poisonraycharge":3,"lycanitesmobs:soulgazer":2,"lycanitesmobs:soulstone_dragon":1,"minecraft:tnt":18,"iceandfire:silver_ingot":4,"minecraft:arrow":17,"minecraft:honey_bottle":2,"minecraft:rotten_flesh":22,"lycanitesmobs:raw_jouste_meat":5,"lycanitesmobs:soulstone_undead":1,"minecraft:hay_block":67,"lycanitesmobs:chaosorbcharge":4,"lycanitesmobs:equipmentpart_bansheeeye":1,"minecraft:mutton":5,"minecraft:obsidian":24,"minecraft:cobblestone":52,"minecraft:white_wool":7,"minecraft:blaze_powder":11,"minecraft:leather_chestplate":1,"minecraft:feather":20,"minecraft:salmon":8,"minecraft:leather":64,"minecraft:cut_sandstone":5,"minecraft:red_mushroom":4,"lycanitesmobs:poopcharge":1,"minecraft:acacia_wood":1,"lycanitesmobs:throwingscythecharge":65,"minecraft:flint":35,"lycanitesmobs:mudshotcharge":5,"minecraft:oak_log":26,"minecraft:chainmail_chestplate":1,"lycanitesmobs:cooked_chupacabra_meat":2,"lycanitesmobs:veswax":49,"lycanitesmobs:raw_krake_meat":4,"minecraft:gunpowder":12,"minecraft:map":7,"minecraft:dirt":37,"minecraft:paper":12,"minecraft:lantern":2,"lycanitesmobs:equipmentpart_sutiramustinger":1,"minecraft:name_tag":1,"minecraft:orange_terracotta":1,"lycanitesmobs:aetherwavecharge":11,"minecraft:bone":75,"minecraft:acacia_planks":40,"minecraft:wheat_seeds":18,"minecraft:rabbit_hide":1,"minecraft:iron_ingot":7,"minecraft:stone_pickaxe":1,"minecraft:cooked_chicken":8,"minecraft:iron_ore":15,"minecraft:glass_bottle":10,"minecraft:rabbit":2,"minecraft:glowstone_dust":43,"minecraft:oak_planks":1,"minecraft:soul_sand":11,"minecraft:book":12,"iceandfire:copper_nugget":42,"lycanitesmobs:spectralboltcharge":13,"minecraft:quartz":46,"lycanitesmobs:equipmentpart_grueclaw":1,"iceandfire:dragon_skull_fire":2,"minecraft:sand":64,"lycanitesmobs:desertstonebrick":4,"lycanitesmobs:treat_arachnid":2,"minecraft:white_bed":1,"minecraft:dead_bush":2,"minecraft:chiseled_sandstone":1,"minecraft:spider_eye":10,"lycanitesmobs:desertstonepillar":1,"lycanitesmobs:raw_concapede_meat":5,"lycanitesmobs:desertstonetile":3,"minecraft:polished_andesite":4,"lycanitesmobs:scorchfireballcharge":2,"waystones:waystone":1,"minecraft:diamond":62,"minecraft:polished_diorite":1,"minecraft:honey_block":161,"minecraft:chainmail_leggings":1,"minecraft:gray_wool":1,"minecraft:chainmail_helmet":1,"tombstone:magic_scroll":1,"minecraft:melon_seeds":2,"minecraft:black_wool":2,"minecraft:chorus_fruit":2,"minecraft:coal":17,"minecraft:ender_pearl":8},"minecraft:killed_by":{"lycanitesmobs:ioray":1,"minecraft:player":1,"lycanitesmobs:ventoraptor":1,"iceandfire:cyclops":3,"lycanitesmobs:krake":1,"minecraft:creeper":2,"lycanitesmobs:triffid":1,"lycanitesmobs:erepede":1,"lycanitesmobs:vespid":2,"iceandfire:hippogryph":1,"lycanitesmobs:roc":1,"lycanitesmobs:geonach":1,"minecraft:skeleton":1,"lycanitesmobs:clink":6,"minecraft:zombie":1,"lycanitesmobs:grue":2,"iceandfire:cockatrice":2,"lycanitesmobs:sylph":1}},"DataVersion":2586}