{"stats":{"minecraft:broken":{"minecraft:leather_leggings":1,"minecraft:iron_boots":1,"minecraft:leather_chestplate":1,"minecraft:stone_axe":1,"minecraft:iron_sword":2},"minecraft:picked_up":{"lycanitesmobs:quillcharge":2,"minecraft:crafting_table":1,"lycanitesmobs:raw_chupacabra_meat":9,"minecraft:wheat":1,"minecraft:clay_ball":28,"minecraft:prismarine_shard":20,"iceandfire:fire_lily":1,"minecraft:leather_leggings":1,"minecraft:brown_mushroom":3,"lycanitesmobs:propolis":7,"lycanitesmobs:equipmentpart_geonachspear":2,"minecraft:string":7,"minecraft:armor_stand":1,"minecraft:experience_bottle":1,"lycanitesmobs:equipmentpart_geonachfist":1,"minecraft:gold_nugget":23,"minecraft:beef":11,"minecraft:red_dye":3,"minecraft:player_head":1,"lycanitesmobs:raw_maka_meat":7,"minecraft:phantom_membrane":7,"minecraft:iron_boots":1,"minecraft:sandstone":11,"minecraft:stone":11,"minecraft:torch":2,"minecraft:porkchop":6,"lycanitesmobs:desertstonechiseled":1,"lycanitesmobs:cleansingcrystal":1,"tombstone:grave_dust":3,"lycanitesmobs:geistliver":3,"minecraft:prismarine_crystals":12,"minecraft:stone_pressure_plate":1,"lycanitesmobs:soulgazer":2,"lycanitesmobs:soulstone_dragon":1,"minecraft:tnt":9,"minecraft:arrow":4,"minecraft:rotten_flesh":17,"lycanitesmobs:raw_jouste_meat":3,"minecraft:hay_block":35,"lycanitesmobs:equipmentpart_bansheeeye":1,"minecraft:obsidian":4,"minecraft:mutton":5,"minecraft:white_wool":4,"minecraft:cobblestone":37,"minecraft:leather_chestplate":1,"minecraft:feather":6,"minecraft:cut_sandstone":5,"minecraft:leather":25,"lycanitesmobs:poopcharge":1,"minecraft:red_mushroom":4,"lycanitesmobs:throwingscythecharge":30,"lycanitesmobs:mudshotcharge":5,"minecraft:flint":18,"lycanitesmobs:raw_krake_meat":1,"minecraft:oak_log":18,"lycanitesmobs:cooked_chupacabra_meat":2,"lycanitesmobs:veswax":3,"minecraft:gunpowder":4,"minecraft:dirt":6,"minecraft:lantern":1,"lycanitesmobs:equipmentpart_sutiramustinger":1,"minecraft:orange_terracotta":1,"lycanitesmobs:aetherwavecharge":6,"minecraft:bone":51,"minecraft:acacia_planks":40,"minecraft:wheat_seeds":11,"minecraft:rabbit_hide":1,"minecraft:iron_ingot":6,"minecraft:cooked_chicken":2,"minecraft:iron_ore":15,"minecraft:rabbit":1,"minecraft:glowstone_dust":16,"minecraft:oak_planks":1,"minecraft:soul_sand":7,"lycanitesmobs:spectralboltcharge":11,"minecraft:quartz":8,"minecraft:sand":4,"lycanitesmobs:desertstonebrick":1,"minecraft:chiseled_sandstone":1,"minecraft:spider_eye":8,"lycanitesmobs:desertstonepillar":1,"minecraft:polished_andesite":4,"lycanitesmobs:desertstonetile":1,"lycanitesmobs:scorchfireballcharge":2,"minecraft:diamond":62,"minecraft:honey_block":41,"minecraft:gray_wool":1,"tombstone:magic_scroll":1,"minecraft:melon_seeds":2,"minecraft:black_wool":1,"minecraft:coal":17,"minecraft:ender_pearl":6},"minecraft:used":{"minecraft:armor_stand":1,"minecraft:shield":3,"minecraft:stone":3,"minecraft:iron_sword":532,"minecraft:cooked_chicken":2,"minecraft:rotten_flesh":4,"minecraft:torch":66,"minecraft:dirt":6,"minecraft:mutton":3,"minecraft:jungle_sapling":4,"minecraft:lantern":1,"minecraft:beef":11,"minecraft:furnace":1,"tombstone:gift":5,"minecraft:stone_pressure_plate":1,"minecraft:orange_terracotta":1,"minecraft:acacia_planks":6,"lycanitesmobs:desertstonetile":1,"minecraft:polished_andesite":4,"lycanitesmobs:raw_chupacabra_meat":1,"minecraft:stone_pickaxe":67,"minecraft:sandstone":2,"minecraft:wooden_pickaxe":27,"minecraft:cut_sandstone":5,"minecraft:white_wool":3,"minecraft:sand":23,"minecraft:crafting_table":4,"foodtxf:cooked_player_flesh":2,"foodtxf:player_flesh":11,"minecraft:acacia_stairs":1,"lycanitesmobs:cooked_maka_meat":1,"minecraft:chiseled_sandstone":1,"minecraft:bread":83,"lycanitesmobs:desertstonepillar":1,"tombstone:magic_scroll":1,"tombstone:grave_key":4,"lycanitesmobs:desertstonechiseled":1,"minecraft:stone_axe":79,"lycanitesmobs:desertstonebrick":1,"minecraft:diamond_sword":117,"minecraft:cobblestone":8,"lycanitesmobs:equipmentforge_greater":1,"minecraft:porkchop":6,"lycanitesmobs:equipmentforge_lesser":1,"minecraft:experience_bottle":1},"minecraft:crafted":{"lycanitesmobs:cooked_maka_meat":1,"minecraft:oak_planks":72,"lycanitesmobs:equipmentpart_woodenrod":2,"lycanitesmobs:equipmentforge_greater":1,"minecraft:stone_pickaxe":1,"sophisticatedbackpacks:iron_backpack":1,"minecraft:wheat":315,"minecraft:diamond_sword":1,"minecraft:crafting_table":3,"minecraft:wooden_pickaxe":1,"lycanitesmobs:equipmentpart_ironrod":1,"minecraft:iron_sword":2,"minecraft:stone_axe":1,"minecraft:air":0,"minecraft:bread":105,"lycanitesmobs:equipmentpart_woodenguard":1,"minecraft:shield":2,"minecraft:stick":44,"lycanitesmobs:equipmentforge_lesser":2,"minecraft:iron_ingot":18,"minecraft:iron_block":1,"minecraft:wooden_axe":2,"minecraft:torch":72,"lycanitesmobs:summoningstaff":1,"lycanitesmobs:equipmentpart_ironpikejoint":1},"minecraft:killed":{"lycanitesmobs:krake":2,"lycanitesmobs:banshee":1,"lycanitesmobs:reaper":2,"lycanitesmobs:zoataur":1,"lycanitesmobs:cryptkeeper":10,"lycanitesmobs:roc":2,"minecraft:spider":6,"lycanitesmobs:sutiramu":9,"lycanitesmobs:darkling":1,"minecraft:skeleton":6,"lycanitesmobs:conba":1,"lycanitesmobs:clink":7,"lycanitesmobs:maka":2,"lycanitesmobs:erepede":2,"lycanitesmobs:joustealpha":1,"lycanitesmobs:sylph":4,"lycanitesmobs:triffid":2,"minecraft:pig":2,"lycanitesmobs:aegis":1,"lycanitesmobs:grue":3,"lycanitesmobs:kobold":1,"lycanitesmobs:jouste":2,"lycanitesmobs:geist":1,"lycanitesmobs:crusk":1,"minecraft:rabbit":2,"lycanitesmobs:gorgomite":1,"minecraft:creeper":5,"iceandfire:cockatrice":1,"minecraft:sheep":3,"lycanitesmobs:chupacabra":6,"minecraft:zombie":4,"lycanitesmobs:argus":1,"lycanitesmobs:geonach":2,"lycanitesmobs:afrit":1,"lycanitesmobs:vespid":4,"minecraft:cow":3,"lycanitesmobs:vespidqueen":1},"minecraft:custom":{"minecraft:mob_kills":99,"minecraft:interact_with_crafting_table":36,"minecraft:open_barrel":1,"minecraft:damage_dealt_resisted":232,"minecraft:leave_game":1,"minecraft:time_since_death":15202,"minecraft:climb_one_cm":2612,"minecraft:sprint_one_cm":544621,"minecraft:walk_one_cm":354832,"minecraft:damage_blocked_by_shield":48,"minecraft:drop":33,"minecraft:damage_dealt_absorbed":40,"minecraft:talked_to_villager":2,"minecraft:deaths":16,"minecraft:sneak_time":1786,"minecraft:walk_under_water_one_cm":26,"minecraft:jump":3735,"minecraft:walk_on_water_one_cm":930,"minecraft:interact_with_furnace":24,"minecraft:play_one_minute":146277,"minecraft:sleep_in_bed":1,"minecraft:time_since_rest":14858,"minecraft:waystone_activated":1,"minecraft:damage_taken":9203,"minecraft:damage_dealt":23664,"tombstone:cast_on_ally":0,"minecraft:swim_one_cm":1164,"minecraft:fly_one_cm":780885,"minecraft:open_chest":81,"minecraft:crouch_one_cm":5602,"tombstone:undead_killed":24,"minecraft:fall_one_cm":58027,"minecraft:inspect_dispenser":1},"minecraft:killed_by":{"minecraft:player":1,"minecraft:creeper":2,"lycanitesmobs:triffid":1,"lycanitesmobs:erepede":1,"lycanitesmobs:geonach":1,"minecraft:skeleton":1,"lycanitesmobs:clink":6,"minecraft:zombie":1,"iceandfire:cockatrice":1,"lycanitesmobs:sylph":1},"minecraft:dropped":{"minecraft:bread":57,"minecraft:soul_sand":4,"minecraft:brown_mushroom":2,"minecraft:wheat_seeds":17,"minecraft:diamond":63,"minecraft:book":1,"minecraft:coal":6,"lycanitesmobs:raw_chupacabra_meat":1,"minecraft:gray_wool":1,"tombstone:grave_dust":1,"minecraft:gold_nugget":29,"minecraft:gold_ingot":9,"minecraft:bone":40,"endrem:old_eye":1,"minecraft:oak_planks":1,"minecraft:stone":7,"minecraft:shield":1,"lycanitesmobs:soulgazer":1,"lycanitesmobs:equipmentpart_geonachspear":1,"lycanitesmobs:summoningstaff":2,"minecraft:wooden_pickaxe":1,"lycanitesmobs:poopcharge":1},"minecraft:mined":{"minecraft:stone_pressure_plate":1,"minecraft:grass_block":3,"minecraft:sandstone":9,"minecraft:spawner":2,"minecraft:hay_block":35,"minecraft:chiseled_sandstone":1,"lycanitesmobs:desertstonebrick":1,"lycanitesmobs:desertstonetile":1,"minecraft:stone":34,"minecraft:white_wool":2,"minecraft:cut_sandstone":5,"minecraft:orange_terracotta":1,"minecraft:crafting_table":2,"minecraft:honey_block":30,"iceandfire:fire_lily":1,"minecraft:tall_grass":8,"lycanitesmobs:desertstonechiseled":1,"minecraft:cobblestone":1,"minecraft:wall_torch":1,"lycanitesmobs:smitefire":5,"minecraft:tnt":9,"minecraft:grass_path":2,"minecraft:grass":37,"minecraft:oak_log":18,"minecraft:coal_ore":12,"minecraft:sand":4,"minecraft:dirt":6,"minecraft:polished_andesite":1,"lycanitesmobs:scorchfire":42,"minecraft:oak_leaves":2,"minecraft:fern":2}},"DataVersion":2586}