{"stats":{"minecraft:crafted":{"minecraft:crafting_table":1,"minecraft:bread":16,"minecraft:acacia_planks":4,"minecraft:wheat":45},"minecraft:killed":{"lycanitesmobs:roc":2},"minecraft:killed_by":{"lycanitesmobs:ventoraptor":1,"lycanitesmobs:reiver":4,"lycanitesmobs:morock":1,"lycanitesmobs:krake":1,"minecraft:creeper":1,"lycanitesmobs:grue":2,"lycanitesmobs:maug":1,"lycanitesmobs:ent":1,"iceandfire:sea_serpent":1,"lycanitesmobs:roa":1,"lycanitesmobs:necrovore":1},"minecraft:mined":{"minecraft:spruce_planks":1,"minecraft:dark_oak_leaves":1,"minecraft:crafting_table":3,"minecraft:torch":3,"iceandfire:pixie_house_mushroom_brown":1,"minecraft:grass_block":4,"minecraft:tall_grass":5,"minecraft:spruce_leaves":2,"minecraft:wall_torch":2,"minecraft:hay_block":23,"minecraft:wheat":2,"minecraft:birch_leaves":5,"minecraft:grass":12,"minecraft:gravel":2,"minecraft:sand":8,"minecraft:dirt":8,"lycanitesmobs:scorchfire":2,"minecraft:oak_leaves":6},"minecraft:picked_up":{"minecraft:crafting_table":3,"lycanitesmobs:quillcharge":1,"minecraft:wheat":3,"minecraft:feather":8,"minecraft:leather":2,"minecraft:ice":7,"minecraft:lapis_lazuli":7,"minecraft:lantern":1,"minecraft:dirt":12,"minecraft:bone":8,"minecraft:acacia_planks":3,"minecraft:wheat_seeds":11,"minecraft:spruce_planks":2,"minecraft:birch_sapling":1,"minecraft:acacia_fence":2,"minecraft:acacia_log":1,"iceandfire:pixie_house_mushroom_brown":1,"lycanitesmobs:frostboltcharge":2,"minecraft:torch":6,"minecraft:gravel":2,"minecraft:sand":25,"minecraft:stone_button":2,"minecraft:hay_block":23,"minecraft:emerald":1,"minecraft:acacia_slab":1,"minecraft:snowball":1},"minecraft:dropped":{"minecraft:emerald":1,"minecraft:hay_block":9,"minecraft:ice":7,"minecraft:snowball":1,"lycanitesmobs:frostboltcharge":2,"minecraft:white_wool":4},"minecraft:used":{"minecraft:spruce_planks":1,"iceandfire:pixie_house_mushroom_brown":1,"minecraft:torch":1,"minecraft:dirt":8,"minecraft:sand":25,"minecraft:crafting_table":3,"minecraft:lantern":1,"minecraft:bread":17,"tombstone:grave_key":2,"minecraft:gravel":2,"tombstone:gift":1,"minecraft:cobweb":11},"minecraft:custom":{"minecraft:interact_with_furnace":4,"minecraft:mob_kills":3,"minecraft:interact_with_crafting_table":7,"minecraft:play_one_minute":56490,"minecraft:leave_game":7,"minecraft:time_since_death":355,"minecraft:sleep_in_bed":3,"minecraft:time_since_rest":26,"minecraft:waystone_activated":1,"minecraft:sprint_one_cm":202239,"minecraft:damage_taken":4721,"minecraft:walk_one_cm":83481,"tombstone:sneak_grave":5,"minecraft:drop":6,"minecraft:damage_dealt":700,"minecraft:swim_one_cm":33783,"minecraft:fly_one_cm":383617,"minecraft:open_chest":20,"minecraft:crouch_one_cm":10934,"minecraft:deaths":15,"minecraft:sneak_time":4757,"minecraft:walk_under_water_one_cm":9913,"minecraft:jump":1807,"minecraft:walk_on_water_one_cm":13682,"minecraft:fall_one_cm":55904}},"DataVersion":2586}