{"stats":{"minecraft:killed_by":{"lycanitesmobs:grue":2,"lycanitesmobs:ent":1,"lycanitesmobs:ventoraptor":1,"lycanitesmobs:reiver":2,"lycanitesmobs:morock":1,"iceandfire:sea_serpent":1,"lycanitesmobs:krake":1,"lycanitesmobs:roa":1,"minecraft:creeper":1,"lycanitesmobs:necrovore":1},"minecraft:used":{"minecraft:bread":13,"tombstone:grave_key":1,"minecraft:dirt":3,"minecraft:sand":25,"minecraft:crafting_table":2,"tombstone:gift":1},"minecraft:custom":{"minecraft:time_since_rest":107,"minecraft:interact_with_furnace":1,"minecraft:sprint_one_cm":177774,"minecraft:damage_taken":3751,"minecraft:walk_one_cm":49850,"tombstone:sneak_grave":5,"minecraft:mob_kills":2,"minecraft:damage_dealt":520,"minecraft:swim_one_cm":33783,"minecraft:interact_with_crafting_table":4,"minecraft:fly_one_cm":344462,"minecraft:open_chest":6,"minecraft:play_one_minute":41909,"minecraft:crouch_one_cm":7447,"minecraft:deaths":12,"minecraft:sneak_time":2954,"minecraft:walk_under_water_one_cm":8918,"minecraft:jump":1517,"minecraft:leave_game":5,"minecraft:time_since_death":0,"minecraft:walk_on_water_one_cm":12968,"minecraft:fall_one_cm":49459},"minecraft:killed":{"lycanitesmobs:roc":2},"minecraft:crafted":{"minecraft:crafting_table":1,"minecraft:acacia_planks":4,"minecraft:bread":16,"minecraft:wheat":45},"minecraft:mined":{"minecraft:hay_block":23,"minecraft:dark_oak_leaves":1,"minecraft:wheat":2,"minecraft:birch_leaves":5,"minecraft:crafting_table":2,"minecraft:grass":12,"iceandfire:pixie_house_mushroom_brown":1,"minecraft:grass_block":3,"minecraft:sand":8,"minecraft:dirt":4,"minecraft:tall_grass":5,"minecraft:spruce_leaves":2,"lycanitesmobs:scorchfire":2,"minecraft:oak_leaves":6},"minecraft:picked_up":{"lycanitesmobs:quillcharge":1,"minecraft:crafting_table":2,"minecraft:wheat":3,"minecraft:feather":3,"minecraft:acacia_fence":2,"minecraft:leather":2,"minecraft:torch":2,"iceandfire:pixie_house_mushroom_brown":1,"minecraft:acacia_log":1,"minecraft:sand":25,"minecraft:stone_button":2,"minecraft:dirt":7,"minecraft:lantern":1,"minecraft:bone":5,"minecraft:acacia_planks":3,"minecraft:wheat_seeds":11,"minecraft:hay_block":23,"minecraft:emerald":1,"minecraft:acacia_slab":1,"minecraft:birch_sapling":1}},"DataVersion":2586}