{"stats":{"minecraft:crafted":{"minecraft:crafting_table":1,"minecraft:spruce_planks":64,"minecraft:wooden_pickaxe":1,"minecraft:bread":43,"minecraft:stick":8,"minecraft:stone_pickaxe":2,"minecraft:acacia_planks":4,"minecraft:torch":12,"minecraft:polished_andesite":8,"minecraft:wheat":126},"minecraft:killed":{"lycanitesmobs:roc":2},"minecraft:killed_by":{"lycanitesmobs:geonach":1,"lycanitesmobs:ventoraptor":1,"lycanitesmobs:reiver":4,"lycanitesmobs:morock":1,"lycanitesmobs:krake":1,"minecraft:creeper":1,"lycanitesmobs:grue":3,"lycanitesmobs:maug":1,"lycanitesmobs:ent":1,"iceandfire:sea_serpent":1,"lycanitesmobs:roa":1,"lycanitesmobs:necrovore":1},"minecraft:mined":{"minecraft:spruce_planks":1,"minecraft:dark_oak_leaves":1,"minecraft:crafting_table":4,"minecraft:torch":3,"iceandfire:pixie_house_mushroom_brown":1,"minecraft:grass_block":4,"minecraft:tall_grass":5,"minecraft:spruce_leaves":2,"minecraft:wall_torch":4,"minecraft:hay_block":23,"minecraft:iron_ore":12,"minecraft:wheat":2,"minecraft:andesite":8,"minecraft:birch_leaves":5,"minecraft:grass":12,"minecraft:coal_ore":10,"minecraft:gravel":4,"minecraft:sand":8,"minecraft:dirt":18,"minecraft:stone":166,"lycanitesmobs:scorchfire":2,"minecraft:oak_leaves":6},"minecraft:picked_up":{"minecraft:crafting_table":4,"lycanitesmobs:quillcharge":1,"minecraft:wheat":3,"minecraft:feather":8,"minecraft:andesite":8,"minecraft:leather":2,"minecraft:ice":7,"minecraft:lapis_lazuli":7,"minecraft:lantern":1,"minecraft:dirt":22,"minecraft:bone":8,"minecraft:acacia_planks":3,"minecraft:wheat_seeds":11,"minecraft:spruce_planks":2,"minecraft:iron_ore":13,"minecraft:birch_sapling":1,"minecraft:acacia_fence":2,"minecraft:acacia_log":1,"iceandfire:pixie_house_mushroom_brown":1,"lycanitesmobs:frostboltcharge":2,"minecraft:torch":9,"minecraft:gravel":4,"minecraft:sand":25,"minecraft:stone_button":2,"minecraft:hay_block":23,"minecraft:emerald":1,"minecraft:acacia_slab":1,"minecraft:coal":10,"minecraft:cobblestone":171,"minecraft:snowball":1},"minecraft:dropped":{"minecraft:emerald":1,"minecraft:hay_block":9,"minecraft:ice":7,"minecraft:snowball":1,"lycanitesmobs:frostboltcharge":2,"minecraft:white_wool":4},"minecraft:used":{"minecraft:polished_andesite":8,"minecraft:stone_pickaxe":145,"minecraft:spruce_planks":2,"minecraft:wooden_pickaxe":59,"iceandfire:pixie_house_mushroom_brown":1,"minecraft:torch":11,"minecraft:dirt":8,"minecraft:sand":25,"minecraft:crafting_table":5,"minecraft:lantern":1,"minecraft:bread":17,"tombstone:grave_key":2,"minecraft:gravel":2,"tombstone:gift":1,"minecraft:cobweb":11},"minecraft:broken":{"minecraft:stone_pickaxe":1,"minecraft:wooden_pickaxe":1},"minecraft:custom":{"minecraft:interact_with_furnace":4,"minecraft:mob_kills":3,"minecraft:interact_with_crafting_table":11,"minecraft:play_one_minute":69006,"minecraft:leave_game":8,"minecraft:time_since_death":0,"minecraft:sleep_in_bed":3,"minecraft:time_since_rest":107,"minecraft:waystone_activated":1,"minecraft:sprint_one_cm":202945,"minecraft:damage_taken":5185,"minecraft:walk_one_cm":117696,"tombstone:sneak_grave":5,"minecraft:drop":6,"minecraft:damage_dealt":700,"minecraft:swim_one_cm":33783,"minecraft:fly_one_cm":386295,"minecraft:open_chest":20,"minecraft:crouch_one_cm":22587,"minecraft:deaths":17,"minecraft:sneak_time":9128,"minecraft:walk_under_water_one_cm":9913,"minecraft:jump":1939,"minecraft:walk_on_water_one_cm":13682,"minecraft:fall_one_cm":56113}},"DataVersion":2586}