{"stats":{"minecraft:killed_by":{"lycanitesmobs:grue":1,"lycanitesmobs:roa":1,"minecraft:creeper":1,"lycanitesmobs:ventoraptor":1},"minecraft:used":{"minecraft:dirt":3,"minecraft:sand":19,"tombstone:gift":1,"tombstone:grave_key":1},"minecraft:custom":{"minecraft:damage_taken":1355,"minecraft:time_since_rest":6471,"minecraft:play_one_minute":10644,"minecraft:crouch_one_cm":2469,"minecraft:walk_one_cm":9530,"minecraft:sprint_one_cm":12361,"minecraft:deaths":4,"minecraft:sneak_time":1211,"tombstone:sneak_grave":2,"minecraft:walk_under_water_one_cm":6797,"minecraft:mob_kills":1,"minecraft:jump":160,"minecraft:damage_dealt":268,"minecraft:leave_game":2,"minecraft:time_since_death":6810,"minecraft:walk_on_water_one_cm":1338,"minecraft:swim_one_cm":2885,"minecraft:fall_one_cm":5073,"minecraft:fly_one_cm":47336},"minecraft:killed":{"lycanitesmobs:roc":1},"minecraft:mined":{"minecraft:grass":2,"minecraft:grass_block":1,"minecraft:sand":5,"minecraft:dirt":2,"lycanitesmobs:scorchfire":2},"minecraft:picked_up":{"lycanitesmobs:quillcharge":1,"minecraft:feather":1,"minecraft:bone":3,"minecraft:leather":2,"minecraft:sand":21,"minecraft:dirt":3}},"DataVersion":2586}