{"stats":{"minecraft:killed_by":{"lycanitesmobs:grue":2,"lycanitesmobs:ventoraptor":1,"lycanitesmobs:roa":1,"minecraft:creeper":1,"lycanitesmobs:necrovore":1},"minecraft:used":{"minecraft:bread":10,"tombstone:grave_key":1,"minecraft:dirt":3,"minecraft:sand":25,"minecraft:crafting_table":2,"tombstone:gift":1},"minecraft:custom":{"minecraft:time_since_rest":1433,"minecraft:interact_with_furnace":1,"minecraft:sprint_one_cm":114969,"minecraft:damage_taken":2169,"minecraft:walk_one_cm":35676,"tombstone:sneak_grave":2,"minecraft:mob_kills":2,"minecraft:damage_dealt":440,"minecraft:swim_one_cm":11089,"minecraft:interact_with_crafting_table":4,"minecraft:fly_one_cm":250477,"minecraft:open_chest":5,"minecraft:play_one_minute":30184,"minecraft:crouch_one_cm":6886,"minecraft:deaths":6,"minecraft:sneak_time":2407,"minecraft:walk_under_water_one_cm":7649,"minecraft:jump":1020,"minecraft:leave_game":4,"minecraft:time_since_death":1679,"minecraft:walk_on_water_one_cm":9555,"minecraft:fall_one_cm":34608},"minecraft:killed":{"lycanitesmobs:roc":2},"minecraft:crafted":{"minecraft:crafting_table":1,"minecraft:acacia_planks":4,"minecraft:bread":16,"minecraft:wheat":45},"minecraft:mined":{"minecraft:hay_block":23,"minecraft:dark_oak_leaves":1,"minecraft:wheat":2,"minecraft:birch_leaves":5,"minecraft:crafting_table":2,"minecraft:grass":5,"iceandfire:pixie_house_mushroom_brown":1,"minecraft:grass_block":1,"minecraft:sand":8,"minecraft:dirt":3,"minecraft:tall_grass":1,"minecraft:spruce_leaves":1,"lycanitesmobs:scorchfire":2,"minecraft:oak_leaves":1},"minecraft:picked_up":{"minecraft:crafting_table":2,"lycanitesmobs:quillcharge":1,"minecraft:wheat":3,"minecraft:feather":3,"minecraft:acacia_fence":2,"minecraft:leather":2,"minecraft:torch":2,"iceandfire:pixie_house_mushroom_brown":1,"minecraft:acacia_log":1,"minecraft:sand":25,"minecraft:stone_button":2,"minecraft:dirt":4,"minecraft:lantern":1,"minecraft:bone":5,"minecraft:acacia_planks":3,"minecraft:wheat_seeds":9,"minecraft:hay_block":23,"minecraft:emerald":1,"minecraft:acacia_slab":1,"minecraft:birch_sapling":1}},"DataVersion":2586}