{"stats":{"minecraft:killed_by":{"lycanitesmobs:grue":1,"lycanitesmobs:ventoraptor":1,"lycanitesmobs:roa":1,"minecraft:creeper":1},"minecraft:used":{"minecraft:bread":9,"tombstone:grave_key":1,"minecraft:dirt":3,"minecraft:sand":25,"minecraft:crafting_table":2,"tombstone:gift":1},"minecraft:custom":{"minecraft:time_since_rest":19019,"minecraft:interact_with_furnace":1,"minecraft:sprint_one_cm":77527,"minecraft:damage_taken":1680,"minecraft:walk_one_cm":28690,"tombstone:sneak_grave":2,"minecraft:mob_kills":1,"minecraft:damage_dealt":268,"minecraft:swim_one_cm":5714,"minecraft:interact_with_crafting_table":4,"minecraft:fly_one_cm":170788,"minecraft:open_chest":5,"minecraft:crouch_one_cm":6190,"minecraft:play_one_minute":23192,"minecraft:deaths":4,"minecraft:sneak_time":2120,"minecraft:walk_under_water_one_cm":7257,"minecraft:jump":691,"minecraft:leave_game":3,"minecraft:walk_on_water_one_cm":4337,"minecraft:time_since_death":19358,"minecraft:fall_one_cm":21013},"minecraft:killed":{"lycanitesmobs:roc":1},"minecraft:crafted":{"minecraft:crafting_table":1,"minecraft:acacia_planks":4,"minecraft:bread":16,"minecraft:wheat":45},"minecraft:mined":{"minecraft:hay_block":23,"minecraft:wheat":2,"minecraft:birch_leaves":4,"minecraft:crafting_table":2,"minecraft:grass":5,"minecraft:grass_block":1,"minecraft:sand":8,"minecraft:dirt":2,"lycanitesmobs:scorchfire":2},"minecraft:picked_up":{"minecraft:crafting_table":2,"lycanitesmobs:quillcharge":1,"minecraft:wheat":3,"minecraft:feather":1,"minecraft:acacia_fence":2,"minecraft:leather":2,"minecraft:torch":2,"minecraft:acacia_log":1,"minecraft:sand":25,"minecraft:stone_button":2,"minecraft:dirt":3,"minecraft:lantern":1,"minecraft:bone":3,"minecraft:acacia_planks":3,"minecraft:wheat_seeds":9,"minecraft:hay_block":23,"minecraft:emerald":1,"minecraft:acacia_slab":1,"minecraft:birch_sapling":1}},"DataVersion":2586}