{"stats":{"minecraft:killed_by":{"lycanitesmobs:grue":2,"lycanitesmobs:maug":1,"lycanitesmobs:ent":1,"lycanitesmobs:ventoraptor":1,"lycanitesmobs:reiver":3,"lycanitesmobs:morock":1,"iceandfire:sea_serpent":1,"lycanitesmobs:roa":1,"lycanitesmobs:krake":1,"minecraft:creeper":1,"lycanitesmobs:necrovore":1},"minecraft:used":{"minecraft:lantern":1,"minecraft:bread":15,"iceandfire:pixie_house_mushroom_brown":1,"tombstone:grave_key":2,"minecraft:dirt":3,"minecraft:sand":25,"minecraft:crafting_table":2,"tombstone:gift":1,"minecraft:cobweb":11},"minecraft:custom":{"minecraft:time_since_rest":4189,"minecraft:interact_with_furnace":1,"minecraft:sprint_one_cm":183504,"minecraft:damage_taken":4428,"minecraft:walk_one_cm":69048,"tombstone:sneak_grave":5,"minecraft:drop":6,"minecraft:mob_kills":2,"minecraft:damage_dealt":660,"minecraft:swim_one_cm":33783,"minecraft:interact_with_crafting_table":4,"minecraft:fly_one_cm":354483,"minecraft:open_chest":11,"minecraft:play_one_minute":50170,"minecraft:crouch_one_cm":10256,"minecraft:deaths":14,"minecraft:sneak_time":4030,"minecraft:walk_under_water_one_cm":9913,"minecraft:jump":1612,"minecraft:leave_game":7,"minecraft:time_since_death":4569,"minecraft:walk_on_water_one_cm":13542,"minecraft:sleep_in_bed":2,"minecraft:fall_one_cm":51354},"minecraft:killed":{"lycanitesmobs:roc":2},"minecraft:dropped":{"minecraft:hay_block":9,"minecraft:ice":7,"minecraft:snowball":1,"lycanitesmobs:frostboltcharge":2,"minecraft:white_wool":4,"minecraft:emerald":1},"minecraft:crafted":{"minecraft:crafting_table":1,"minecraft:acacia_planks":4,"minecraft:bread":16,"minecraft:wheat":45},"minecraft:mined":{"minecraft:hay_block":23,"minecraft:dark_oak_leaves":1,"minecraft:wheat":2,"minecraft:birch_leaves":5,"minecraft:crafting_table":2,"minecraft:grass":12,"iceandfire:pixie_house_mushroom_brown":1,"minecraft:grass_block":3,"minecraft:sand":8,"minecraft:dirt":4,"minecraft:tall_grass":5,"minecraft:spruce_leaves":2,"lycanitesmobs:scorchfire":2,"minecraft:oak_leaves":6,"minecraft:wall_torch":1},"minecraft:picked_up":{"minecraft:crafting_table":2,"lycanitesmobs:quillcharge":1,"minecraft:wheat":3,"minecraft:feather":3,"minecraft:acacia_fence":2,"lycanitesmobs:frostboltcharge":2,"minecraft:leather":2,"minecraft:torch":2,"iceandfire:pixie_house_mushroom_brown":1,"minecraft:acacia_log":1,"minecraft:ice":7,"minecraft:sand":25,"minecraft:stone_button":2,"minecraft:dirt":7,"minecraft:lantern":1,"minecraft:bone":5,"minecraft:acacia_planks":3,"minecraft:wheat_seeds":11,"minecraft:hay_block":23,"minecraft:emerald":1,"minecraft:acacia_slab":1,"minecraft:birch_sapling":1,"minecraft:snowball":1}},"DataVersion":2586}