{"stats":{"minecraft:dropped":{"lycanitesmobs:primeembercharge":1},"minecraft:killed":{"minecraft:skeleton":1,"lycanitesmobs:grell":1,"lycanitesmobs:troll":1,"minecraft:zombie":1,"lycanitesmobs:ent":1,"lycanitesmobs:shambler":1,"lycanitesmobs:zoataur":1,"lycanitesmobs:nymph":1},"minecraft:picked_up":{"lycanitesmobs:primeembercharge":1,"minecraft:stick":2,"minecraft:rotten_flesh":2,"minecraft:oak_log":6,"minecraft:melon_seeds":3},"minecraft:custom":{"minecraft:time_since_rest":8376,"minecraft:crouch_one_cm":201,"minecraft:play_one_minute":8376,"minecraft:walk_one_cm":3830,"minecraft:sprint_one_cm":129,"tombstone:undead_killed":3,"minecraft:damage_taken":25,"minecraft:sneak_time":289,"minecraft:walk_under_water_one_cm":2517,"minecraft:mob_kills":9,"minecraft:drop":1,"minecraft:jump":13,"minecraft:damage_dealt":3087,"minecraft:leave_game":2,"minecraft:walk_on_water_one_cm":883,"minecraft:time_since_death":8376,"minecraft:fly_one_cm":44521},"minecraft:mined":{"minecraft:grass":3},"minecraft:used":{"lycanitesmobs:spawn_anthronian":1,"minecraft:netherite_sword":5,"iceandfire:dragonsteel_lightning_sword":15,"iceandfire:spawn_egg_sea_serpent":14,"lycanitesmobs:spawn_plant":2,"lycanitesmobs:spawn_aberration":1,"lycanitesmobs:spawn_reptile":1,"lycanitesmobs:spawn_dragon":1}},"DataVersion":2586}