{"stats":{"minecraft:mined":{"minecraft:white_bed":6,"minecraft:jungle_leaves":7,"minecraft:brewing_stand":1,"minecraft:spruce_trapdoor":2,"minecraft:acacia_log":10,"minecraft:grass_block":16,"minecraft:jungle_log":15,"iceandfire:lectern":1,"minecraft:spawner":28,"minecraft:tall_seagrass":3,"minecraft:iron_ore":4,"minecraft:fire":2,"lycanitesmobs:desertstonetile":2,"lycanitesmobs:equipmentforge_greater":1,"minecraft:torch":8,"lycanitesmobs:propolis":13,"minecraft:chest":25,"minecraft:dead_bush":1,"lycanitesmobs:desertstonechiseled":2,"minecraft:oak_planks":1,"minecraft:wall_torch":4,"minecraft:grass":62,"minecraft:oak_log":5,"minecraft:acacia_fence":1,"minecraft:sand":13,"minecraft:dirt":12,"minecraft:stonecutter":1,"minecraft:oak_leaves":40,"minecraft:dark_oak_leaves":1,"minecraft:dark_oak_log":2,"minecraft:spruce_leaves":36,"minecraft:potted_bamboo":1,"minecraft:cartography_table":1,"minecraft:large_fern":5,"minecraft:furnace":3,"minecraft:acacia_wood":2,"lycanitesmobs:desertstonebrick":5,"minecraft:bookshelf":50,"minecraft:vine":2,"minecraft:lantern":1,"minecraft:stone":26,"minecraft:crafting_table":9,"minecraft:honey_block":82,"minecraft:lectern":1,"minecraft:tall_grass":12,"minecraft:blue_bed":3,"lycanitesmobs:desertstonepillar":1,"minecraft:purple_bed":3,"lycanitesmobs:equipmentforge_lesser":1,"minecraft:spruce_log":109,"minecraft:birch_leaves":4,"minecraft:coal_ore":14,"lycanitesmobs:scorchfire":79,"minecraft:fern":3},"minecraft:dropped":{"minecraft:acacia_wood":1,"minecraft:brown_mushroom":3,"lycanitesmobs:aetherwavecharge":1,"minecraft:item_frame":1,"minecraft:mutton":2,"minecraft:jungle_sapling":1,"minecraft:wheat":1,"iceandfire:bestiary":1,"minecraft:acacia_sapling":3,"minecraft:chest":2,"lycanitesmobs:soulgazer":1,"lycanitesmobs:equipmentpart_geonachspear":1,"lycanitesmobs:summoningstaff":1,"minecraft:acacia_fence":2,"minecraft:wheat_seeds":6,"lycanitesmobs:spectralboltcharge":3,"minecraft:coal":2,"minecraft:cobweb":12,"minecraft:acacia_planks":40,"iceandfire:dragonbone":14,"minecraft:cocoa_beans":5,"iceandfire:troll_tusk":1,"lycanitesmobs:cooked_chupacabra_meat":2,"iceandfire:rotten_egg":1},"minecraft:killed":{"lycanitesmobs:krake":5,"iceandfire:hippogryph":1,"lycanitesmobs:cryptkeeper":5,"lycanitesmobs:roc":7,"minecraft:spider":5,"lycanitesmobs:sutiramu":5,"minecraft:skeleton":10,"lycanitesmobs:necrovore":1,"lycanitesmobs:yale":5,"lycanitesmobs:maka":2,"lycanitesmobs:erepede":1,"iceandfire:myrmex_worker":4,"lycanitesmobs:aegis":4,"lycanitesmobs:jouste":2,"lycanitesmobs:geist":1,"lycanitesmobs:aspid":1,"minecraft:creeper":1,"iceandfire:cockatrice":1,"minecraft:sheep":1,"minecraft:zombie":3,"lycanitesmobs:geonach":3,"lycanitesmobs:warg":1,"lycanitesmobs:tremor":3,"lycanitesmobs:banshee":1,"lycanitesmobs:reaper":3,"lycanitesmobs:silex":1,"lycanitesmobs:cinder":9,"lycanitesmobs:ent":2,"lycanitesmobs:clink":4,"iceandfire:deathworm":1,"lycanitesmobs:xaphan":1,"lycanitesmobs:triffid":2,"iceandfire:troll":1,"lycanitesmobs:ventoraptor":1,"minecraft:rabbit":1,"lycanitesmobs:chupacabra":2,"lycanitesmobs:afrit":2,"lycanitesmobs:vespid":8,"minecraft:enderman":1},"minecraft:broken":{"minecraft:iron_leggings":1,"minecraft:stone_axe":1,"minecraft:iron_sword":2,"minecraft:leather_chestplate":1,"minecraft:leather_boots":1,"minecraft:iron_helmet":1},"minecraft:custom":{"minecraft:interact_with_crafting_table":47,"minecraft:open_barrel":1,"minecraft:bell_ring":14,"minecraft:eat_cake_slice":2,"minecraft:leave_game":10,"minecraft:time_since_death":327,"minecraft:sprint_one_cm":1077713,"minecraft:damage_blocked_by_shield":1603,"minecraft:drop":29,"minecraft:talked_to_villager":6,"minecraft:deaths":60,"minecraft:jump":6052,"minecraft:interact_with_brewingstand":1,"minecraft:walk_on_water_one_cm":54598,"minecraft:interact_with_furnace":49,"minecraft:interact_with_cartography_table":1,"minecraft:play_one_minute":298251,"minecraft:sleep_in_bed":7,"minecraft:waystone_activated":3,"minecraft:damage_dealt":30200,"minecraft:player_kills":1,"minecraft:crouch_one_cm":13255,"tombstone:undead_killed":23,"minecraft:mob_kills":128,"minecraft:interact_with_anvil":1,"minecraft:climb_one_cm":7310,"minecraft:walk_one_cm":1042751,"minecraft:sneak_time":6369,"minecraft:walk_under_water_one_cm":27233,"minecraft:interact_with_blast_furnace":1,"minecraft:pot_flower":1,"minecraft:time_since_rest":95,"minecraft:damage_taken":24690,"minecraft:swim_one_cm":40687,"minecraft:fly_one_cm":1357485,"minecraft:open_chest":208,"minecraft:fall_one_cm":193028},"minecraft:used":{"iceandfire:lectern":1,"lycanitesmobs:raw_jouste_meat":2,"minecraft:chest":24,"minecraft:shield":125,"minecraft:stone":18,"minecraft:iron_sword":997,"minecraft:player_head":1,"minecraft:jungle_sapling":1,"minecraft:honey_block":6,"minecraft:lantern":1,"minecraft:item_frame":5,"lycanitesmobs:raw_krake_meat":1,"minecraft:furnace":4,"minecraft:oak_sapling":2,"minecraft:stone_pickaxe":109,"minecraft:oak_planks":1,"minecraft:wooden_pickaxe":5,"minecraft:white_wool":1,"minecraft:sand":3,"minecraft:bread":88,"minecraft:lectern":1,"tombstone:grave_key":43,"lycanitesmobs:desertstonechiseled":1,"lycanitesmobs:cooked_chupacabra_meat":5,"iceandfire:dragon_skull_fire":1,"lycanitesmobs:equipmentforge_greater":1,"lycanitesmobs:equipmentforge_lesser":1,"minecraft:experience_bottle":1,"minecraft:stone_sword":19,"minecraft:spruce_planks":8,"minecraft:torch":37,"minecraft:dirt":47,"minecraft:iron_axe":226,"tombstone:gift":2,"minecraft:acacia_planks":2,"lycanitesmobs:cooked_krake_meat":1,"minecraft:cooked_mutton":4,"lycanitesmobs:raw_chupacabra_meat":1,"minecraft:cartography_table":1,"minecraft:crafting_table":8,"minecraft:white_bed":8,"foodtxf:cooked_player_flesh":29,"minecraft:spruce_log":12,"minecraft:flower_pot":1,"minecraft:iron_pickaxe":21,"minecraft:spruce_trapdoor":1,"minecraft:stone_axe":76,"minecraft:cobblestone":36,"minecraft:gray_wool":1},"minecraft:crafted":{"minecraft:oak_planks":20,"minecraft:cooked_mutton":4,"minecraft:crafting_table":5,"minecraft:spruce_planks":12,"minecraft:wooden_pickaxe":1,"minecraft:charcoal":11,"minecraft:stick":28,"minecraft:iron_ingot":8,"minecraft:iron_pickaxe":1,"minecraft:stone_sword":1,"foodtxf:cooked_player_flesh":27,"minecraft:furnace":2,"lycanitesmobs:cooked_chupacabra_meat":7,"minecraft:iron_axe":1,"minecraft:stone_pickaxe":1,"lycanitesmobs:soulgazer":2,"minecraft:dark_oak_planks":8,"sophisticatedbackpacks:iron_backpack":1,"minecraft:iron_sword":2,"sophisticatedbackpacks:gold_backpack":1,"minecraft:stone_axe":1,"minecraft:air":0,"minecraft:jungle_planks":16,"lycanitesmobs:cooked_krake_meat":1,"minecraft:white_bed":2,"minecraft:acacia_planks":48,"minecraft:torch":24},"minecraft:picked_up":{"lycanitesmobs:raw_chupacabra_meat":8,"minecraft:wheat":2,"minecraft:flower_pot":1,"minecraft:potion":2,"minecraft:enchanted_book":5,"lycanitesmobs:propolis":22,"minecraft:brewing_stand":1,"lycanitesmobs:equipmentpart_geonachspear":1,"minecraft:string":29,"lycanitesmobs:raw_aspid_meat":1,"minecraft:experience_bottle":3,"minecraft:gold_nugget":40,"minecraft:red_dye":2,"minecraft:furnace":2,"minecraft:stick":27,"minecraft:acacia_fence":2,"minecraft:torch":17,"minecraft:acacia_log":10,"lycanitesmobs:desertstonechiseled":2,"iceandfire:rotten_egg":1,"tombstone:grave_dust":2,"lycanitesmobs:geistliver":2,"foodtxf:player_flesh":8,"foodtxf:cooked_player_flesh":1,"lycanitesmobs:summoningstaff":1,"minecraft:cactus":1,"minecraft:rotten_flesh":29,"lycanitesmobs:equipmentpart_ventoraptorskull":2,"iceandfire:myrmex_desert_chitin":2,"minecraft:blaze_rod":4,"minecraft:obsidian":2,"minecraft:blaze_powder":10,"minecraft:cobblestone":61,"minecraft:feather":29,"minecraft:andesite":2,"minecraft:jungle_log":15,"lycanitesmobs:poopcharge":1,"minecraft:flint":11,"lycanitesmobs:frostwebcharge":5,"minecraft:map":1,"minecraft:lapis_lazuli":2,"minecraft:dirt":123,"minecraft:lantern":11,"lycanitesmobs:aetherwavecharge":2,"minecraft:bone":77,"minecraft:acacia_planks":2,"minecraft:stonecutter":1,"minecraft:wheat_seeds":32,"minecraft:glowstone_dust":11,"minecraft:bamboo":1,"minecraft:oak_planks":1,"lycanitesmobs:raw_yale_meat":10,"lycanitesmobs:spectralboltcharge":4,"lycanitesmobs:raw_silex_meat":1,"iceandfire:dragon_skull_fire":4,"minecraft:sand":33,"minecraft:acacia_stairs":1,"minecraft:dark_oak_log":2,"iceandfire:myrmex_stinger":1,"lycanitesmobs:scorchfireballcharge":6,"minecraft:diamond":63,"iceandfire:lectern":1,"minecraft:writable_book":1,"minecraft:bread":57,"minecraft:emerald":1,"minecraft:oak_sapling":4,"minecraft:cocoa_beans":5,"minecraft:crafting_table":9,"iceandfire:witherbone":2,"minecraft:chicken":2,"minecraft:clay_ball":54,"iceandfire:fire_lily":1,"minecraft:brown_mushroom":9,"minecraft:diamond_horse_armor":1,"minecraft:shield":1,"lycanitesmobs:equipmentpart_clinkscythe":1,"lycanitesmobs:equipmentpart_cinderblade":1,"lycanitesmobs:embercharge":22,"minecraft:item_frame":2,"lycanitesmobs:tricksterflarecharge":2,"iceandfire:bestiary":3,"minecraft:cartography_table":1,"minecraft:jungle_sapling":2,"minecraft:poppy":2,"minecraft:lectern":1,"minecraft:chest":26,"minecraft:birch_sapling":1,"lycanitesmobs:raw_maka_meat":5,"minecraft:spruce_trapdoor":3,"minecraft:phantom_membrane":3,"iceandfire:dragonbone":62,"minecraft:stone":21,"iceandfire:troll_tusk":1,"iceandfire:deathworm_chitin_red":4,"minecraft:tnt":9,"iceandfire:silver_ingot":4,"minecraft:arrow":13,"lycanitesmobs:raw_jouste_meat":7,"lycanitesmobs:chaosorbcharge":3,"minecraft:gold_ingot":10,"minecraft:mutton":9,"minecraft:white_wool":17,"lycanitesmobs:equipmentforge_lesser":1,"minecraft:air":0,"minecraft:salmon":4,"minecraft:leather":23,"lycanitesmobs:throwingscythecharge":25,"minecraft:red_mushroom":10,"minecraft:acacia_wood":4,"lycanitesmobs:acidsplashcharge":5,"lycanitesmobs:mudshotcharge":6,"minecraft:oak_log":9,"minecraft:gunpowder":37,"lycanitesmobs:raw_krake_meat":16,"lycanitesmobs:veswax":11,"lycanitesmobs:equipmentforge_greater":1,"minecraft:blue_bed":3,"minecraft:paper":1,"lycanitesmobs:equipmentpart_sutiramustinger":1,"minecraft:cooked_mutton":2,"minecraft:iron_ingot":12,"minecraft:cobweb":12,"minecraft:cooked_chicken":3,"minecraft:iron_ore":14,"minecraft:soul_sand":4,"minecraft:iron_sword":2,"minecraft:acacia_sapling":3,"minecraft:book":153,"iceandfire:copper_nugget":28,"lycanitesmobs:soulstone_imp":1,"minecraft:quartz":38,"minecraft:spruce_sapling":20,"minecraft:white_bed":7,"lycanitesmobs:desertstonebrick":6,"minecraft:spruce_log":132,"minecraft:spider_eye":31,"lycanitesmobs:desertstonetile":2,"minecraft:purple_bed":3,"minecraft:slime_ball":6,"minecraft:honey_block":29,"minecraft:gray_wool":1,"tombstone:magic_scroll":2,"minecraft:melon_seeds":5,"minecraft:coal":29,"minecraft:ender_pearl":2},"minecraft:killed_by":{"iceandfire:cyclops":11,"lycanitesmobs:xaphan":1,"lycanitesmobs:krake":2,"minecraft:creeper":2,"lycanitesmobs:triffid":1,"lycanitesmobs:feradon":1,"lycanitesmobs:warg":3,"lycanitesmobs:vespid":1,"lycanitesmobs:maug":1,"lycanitesmobs:makaalpha":1,"lycanitesmobs:zoataur":3,"lycanitesmobs:crusk":2,"lycanitesmobs:clink":6,"lycanitesmobs:afrit":2,"minecraft:zombie":2,"lycanitesmobs:darkling":1,"iceandfire:fire_dragon":3,"lycanitesmobs:balayang":1,"iceandfire:myrmex_worker":1,"minecraft:spider":3,"lycanitesmobs:tpumpkyn":1,"minecraft:iron_golem":2,"iceandfire:amphithere":1,"lycanitesmobs:chupacabra":1,"lycanitesmobs:reiver":1,"lycanitesmobs:geonach":1,"minecraft:skeleton":2,"iceandfire:cockatrice":2}},"DataVersion":2586}