{"stats":{"minecraft:broken":{"minecraft:iron_leggings":1,"minecraft:leather_chestplate":1,"minecraft:leather_boots":1,"minecraft:stone_axe":1,"minecraft:iron_sword":2,"minecraft:iron_helmet":1},"minecraft:picked_up":{"minecraft:cocoa_beans":5,"minecraft:crafting_table":8,"lycanitesmobs:raw_chupacabra_meat":8,"minecraft:wheat":1,"minecraft:flower_pot":1,"minecraft:clay_ball":39,"iceandfire:fire_lily":1,"minecraft:brown_mushroom":6,"minecraft:enchanted_book":5,"minecraft:diamond_horse_armor":1,"lycanitesmobs:propolis":8,"minecraft:shield":1,"lycanitesmobs:equipmentpart_cinderblade":1,"lycanitesmobs:embercharge":10,"lycanitesmobs:equipmentpart_geonachspear":1,"minecraft:string":15,"lycanitesmobs:equipmentpart_clinkscythe":1,"minecraft:item_frame":2,"minecraft:experience_bottle":2,"minecraft:cartography_table":1,"minecraft:gold_nugget":40,"minecraft:red_dye":2,"minecraft:jungle_sapling":2,"minecraft:lectern":1,"minecraft:chest":15,"lycanitesmobs:raw_maka_meat":5,"minecraft:phantom_membrane":3,"minecraft:furnace":2,"iceandfire:troll_tusk":1,"minecraft:stick":2,"iceandfire:dragonbone":62,"minecraft:stone":21,"minecraft:acacia_fence":1,"minecraft:torch":9,"minecraft:acacia_log":10,"lycanitesmobs:desertstonechiseled":2,"iceandfire:rotten_egg":1,"tombstone:grave_dust":2,"lycanitesmobs:geistliver":2,"foodtxf:player_flesh":6,"foodtxf:cooked_player_flesh":1,"minecraft:tnt":9,"iceandfire:silver_ingot":4,"minecraft:arrow":11,"lycanitesmobs:summoningstaff":1,"minecraft:rotten_flesh":19,"lycanitesmobs:raw_jouste_meat":3,"lycanitesmobs:chaosorbcharge":3,"lycanitesmobs:equipmentpart_ventoraptorskull":1,"minecraft:gold_ingot":10,"minecraft:blaze_rod":4,"minecraft:obsidian":2,"minecraft:mutton":7,"minecraft:blaze_powder":10,"minecraft:white_wool":6,"minecraft:cobblestone":42,"lycanitesmobs:equipmentforge_lesser":1,"minecraft:air":0,"minecraft:feather":7,"minecraft:jungle_log":15,"minecraft:leather":17,"lycanitesmobs:poopcharge":1,"lycanitesmobs:throwingscythecharge":25,"minecraft:red_mushroom":4,"minecraft:acacia_wood":2,"lycanitesmobs:mudshotcharge":6,"minecraft:flint":11,"minecraft:oak_log":9,"lycanitesmobs:veswax":11,"lycanitesmobs:raw_krake_meat":2,"minecraft:gunpowder":37,"lycanitesmobs:equipmentforge_greater":1,"minecraft:map":1,"minecraft:paper":1,"minecraft:dirt":98,"minecraft:lantern":2,"lycanitesmobs:equipmentpart_sutiramustinger":1,"lycanitesmobs:aetherwavecharge":2,"minecraft:bone":63,"minecraft:wheat_seeds":18,"minecraft:iron_ingot":7,"minecraft:cobweb":12,"minecraft:iron_ore":14,"minecraft:bamboo":1,"minecraft:glowstone_dust":7,"minecraft:acacia_sapling":3,"minecraft:iron_sword":1,"minecraft:oak_planks":1,"minecraft:soul_sand":4,"minecraft:book":153,"lycanitesmobs:soulstone_imp":1,"lycanitesmobs:spectralboltcharge":4,"minecraft:quartz":38,"iceandfire:dragon_skull_fire":4,"minecraft:sand":9,"lycanitesmobs:desertstonebrick":5,"minecraft:white_bed":4,"minecraft:acacia_stairs":1,"minecraft:spider_eye":11,"lycanitesmobs:desertstonetile":2,"lycanitesmobs:scorchfireballcharge":2,"minecraft:diamond":63,"iceandfire:lectern":1,"minecraft:honey_block":29,"minecraft:writable_book":1,"minecraft:gray_wool":1,"minecraft:emerald":1,"minecraft:bread":57,"tombstone:magic_scroll":1,"minecraft:oak_sapling":2,"minecraft:melon_seeds":3,"minecraft:coal":7,"minecraft:ender_pearl":2},"minecraft:crafted":{"minecraft:oak_planks":20,"foodtxf:cooked_player_flesh":27,"minecraft:furnace":2,"lycanitesmobs:cooked_chupacabra_meat":7,"minecraft:cooked_mutton":4,"minecraft:iron_axe":1,"minecraft:stone_pickaxe":1,"lycanitesmobs:soulgazer":2,"sophisticatedbackpacks:iron_backpack":1,"minecraft:crafting_table":4,"minecraft:wooden_pickaxe":1,"minecraft:iron_sword":2,"sophisticatedbackpacks:gold_backpack":1,"minecraft:stone_axe":1,"minecraft:air":0,"minecraft:jungle_planks":16,"lycanitesmobs:cooked_krake_meat":1,"minecraft:charcoal":11,"minecraft:stick":28,"minecraft:iron_pickaxe":1,"minecraft:iron_ingot":8,"minecraft:stone_sword":1,"minecraft:white_bed":1,"minecraft:acacia_planks":48,"minecraft:torch":24},"minecraft:used":{"minecraft:stone_sword":19,"lycanitesmobs:raw_jouste_meat":2,"minecraft:chest":3,"minecraft:shield":97,"minecraft:stone":18,"minecraft:iron_sword":737,"minecraft:player_head":1,"minecraft:torch":29,"minecraft:dirt":45,"minecraft:jungle_sapling":1,"minecraft:honey_block":6,"minecraft:lantern":1,"minecraft:iron_axe":61,"minecraft:item_frame":5,"lycanitesmobs:raw_krake_meat":1,"minecraft:oak_sapling":2,"minecraft:furnace":2,"tombstone:gift":2,"minecraft:acacia_planks":2,"minecraft:cooked_mutton":4,"lycanitesmobs:cooked_krake_meat":1,"lycanitesmobs:raw_chupacabra_meat":1,"minecraft:stone_pickaxe":109,"minecraft:oak_planks":1,"minecraft:wooden_pickaxe":5,"minecraft:sand":2,"minecraft:crafting_table":6,"minecraft:white_bed":4,"foodtxf:cooked_player_flesh":9,"minecraft:flower_pot":1,"minecraft:iron_pickaxe":2,"minecraft:bread":55,"tombstone:grave_key":13,"lycanitesmobs:desertstonechiseled":1,"minecraft:stone_axe":76,"minecraft:cobblestone":17,"lycanitesmobs:cooked_chupacabra_meat":5,"iceandfire:dragon_skull_fire":1,"minecraft:gray_wool":1,"minecraft:experience_bottle":1},"minecraft:killed":{"lycanitesmobs:tremor":3,"iceandfire:hippogryph":1,"lycanitesmobs:banshee":1,"lycanitesmobs:reaper":3,"lycanitesmobs:cryptkeeper":5,"lycanitesmobs:roc":1,"minecraft:spider":4,"lycanitesmobs:sutiramu":5,"minecraft:skeleton":9,"lycanitesmobs:cinder":5,"lycanitesmobs:clink":4,"lycanitesmobs:maka":2,"lycanitesmobs:erepede":1,"lycanitesmobs:triffid":2,"lycanitesmobs:aegis":4,"lycanitesmobs:geist":1,"iceandfire:troll":1,"lycanitesmobs:ventoraptor":1,"minecraft:rabbit":1,"minecraft:creeper":1,"lycanitesmobs:chupacabra":2,"minecraft:zombie":1,"lycanitesmobs:geonach":3,"lycanitesmobs:vespid":8,"minecraft:enderman":1},"minecraft:custom":{"minecraft:interact_with_anvil":1,"minecraft:mob_kills":81,"minecraft:interact_with_crafting_table":42,"minecraft:open_barrel":1,"minecraft:eat_cake_slice":2,"minecraft:leave_game":5,"minecraft:time_since_death":1889,"minecraft:climb_one_cm":4425,"minecraft:sprint_one_cm":503146,"minecraft:walk_one_cm":724453,"minecraft:damage_blocked_by_shield":740,"minecraft:drop":26,"minecraft:talked_to_villager":3,"minecraft:deaths":21,"minecraft:sneak_time":4775,"minecraft:walk_under_water_one_cm":9457,"minecraft:jump":2625,"minecraft:walk_on_water_one_cm":13143,"minecraft:interact_with_furnace":46,"minecraft:interact_with_cartography_table":1,"minecraft:play_one_minute":171843,"minecraft:pot_flower":1,"minecraft:sleep_in_bed":2,"minecraft:time_since_rest":1703,"minecraft:waystone_activated":1,"minecraft:damage_taken":9647,"minecraft:damage_dealt":21123,"minecraft:swim_one_cm":3987,"minecraft:fly_one_cm":521943,"minecraft:player_kills":1,"minecraft:open_chest":113,"minecraft:crouch_one_cm":9295,"tombstone:undead_killed":19,"minecraft:fall_one_cm":66193},"minecraft:killed_by":{"lycanitesmobs:triffid":1,"minecraft:spider":2,"minecraft:iron_golem":2,"lycanitesmobs:vespid":1,"lycanitesmobs:chupacabra":1,"lycanitesmobs:crusk":2,"lycanitesmobs:clink":6,"minecraft:zombie":1,"iceandfire:cockatrice":2,"lycanitesmobs:darkling":1,"iceandfire:fire_dragon":1},"minecraft:dropped":{"minecraft:brown_mushroom":3,"minecraft:wheat_seeds":6,"lycanitesmobs:spectralboltcharge":3,"lycanitesmobs:aetherwavecharge":1,"minecraft:coal":2,"minecraft:item_frame":1,"minecraft:cobweb":12,"minecraft:mutton":2,"minecraft:jungle_sapling":1,"minecraft:acacia_planks":40,"iceandfire:dragonbone":14,"minecraft:cocoa_beans":5,"minecraft:wheat":1,"iceandfire:troll_tusk":1,"lycanitesmobs:cooked_chupacabra_meat":2,"iceandfire:rotten_egg":1,"minecraft:chest":2,"minecraft:acacia_sapling":3,"lycanitesmobs:soulgazer":1,"lycanitesmobs:equipmentpart_geonachspear":1,"lycanitesmobs:summoningstaff":1,"minecraft:acacia_fence":1},"minecraft:mined":{"minecraft:white_bed":3,"minecraft:jungle_leaves":7,"minecraft:acacia_log":10,"minecraft:grass_block":13,"minecraft:jungle_log":15,"iceandfire:lectern":1,"minecraft:potted_bamboo":1,"minecraft:cartography_table":1,"minecraft:spawner":28,"minecraft:tall_seagrass":2,"minecraft:furnace":3,"minecraft:iron_ore":4,"minecraft:fire":1,"minecraft:acacia_wood":2,"lycanitesmobs:desertstonebrick":5,"minecraft:bookshelf":50,"minecraft:vine":2,"minecraft:lantern":1,"lycanitesmobs:desertstonetile":2,"lycanitesmobs:equipmentforge_greater":1,"minecraft:stone":26,"minecraft:crafting_table":8,"minecraft:torch":2,"minecraft:honey_block":82,"lycanitesmobs:propolis":13,"minecraft:chest":14,"minecraft:lectern":1,"minecraft:tall_grass":11,"lycanitesmobs:desertstonechiseled":2,"minecraft:oak_planks":1,"minecraft:wall_torch":3,"lycanitesmobs:desertstonepillar":1,"lycanitesmobs:equipmentforge_lesser":1,"minecraft:grass":40,"minecraft:oak_log":5,"minecraft:sand":11,"minecraft:dirt":12,"lycanitesmobs:scorchfire":72,"minecraft:oak_leaves":10,"minecraft:fern":3}},"DataVersion":2586}