{"stats":{"minecraft:dropped":{"minecraft:wheat_seeds":1,"lycanitesmobs:spectralboltcharge":3,"lycanitesmobs:aetherwavecharge":1,"minecraft:jungle_sapling":1,"minecraft:acacia_planks":40,"iceandfire:dragonbone":14,"minecraft:cocoa_beans":5,"lycanitesmobs:summoningstaff":1,"minecraft:acacia_fence":1},"minecraft:picked_up":{"minecraft:cocoa_beans":5,"minecraft:crafting_table":2,"lycanitesmobs:raw_chupacabra_meat":2,"minecraft:clay_ball":2,"iceandfire:fire_lily":1,"minecraft:enchanted_book":1,"minecraft:diamond_horse_armor":1,"minecraft:shield":1,"minecraft:string":15,"lycanitesmobs:equipmentpart_clinkscythe":1,"minecraft:item_frame":1,"minecraft:experience_bottle":1,"minecraft:gold_nugget":11,"minecraft:jungle_sapling":2,"minecraft:chest":3,"lycanitesmobs:raw_maka_meat":3,"minecraft:phantom_membrane":3,"iceandfire:dragonbone":31,"minecraft:stone":7,"minecraft:acacia_fence":1,"minecraft:torch":7,"minecraft:acacia_log":10,"lycanitesmobs:desertstonechiseled":2,"lycanitesmobs:geistliver":2,"minecraft:tnt":9,"iceandfire:silver_ingot":4,"minecraft:arrow":6,"lycanitesmobs:summoningstaff":1,"minecraft:rotten_flesh":17,"lycanitesmobs:raw_jouste_meat":3,"minecraft:blaze_rod":2,"minecraft:mutton":4,"minecraft:obsidian":2,"minecraft:white_wool":4,"minecraft:blaze_powder":2,"minecraft:cobblestone":22,"minecraft:air":0,"minecraft:jungle_log":13,"minecraft:leather":10,"lycanitesmobs:poopcharge":1,"lycanitesmobs:throwingscythecharge":25,"minecraft:acacia_wood":2,"lycanitesmobs:mudshotcharge":6,"minecraft:flint":11,"minecraft:oak_log":5,"lycanitesmobs:raw_krake_meat":2,"minecraft:gunpowder":20,"minecraft:dirt":67,"minecraft:paper":1,"lycanitesmobs:equipmentpart_sutiramustinger":1,"lycanitesmobs:aetherwavecharge":2,"minecraft:bone":15,"minecraft:wheat_seeds":3,"minecraft:iron_ingot":6,"minecraft:iron_ore":9,"minecraft:glowstone_dust":7,"minecraft:soul_sand":4,"minecraft:oak_planks":1,"minecraft:iron_sword":1,"minecraft:book":9,"lycanitesmobs:soulstone_imp":1,"lycanitesmobs:spectralboltcharge":4,"iceandfire:dragon_skull_fire":3,"minecraft:sand":7,"minecraft:white_bed":3,"lycanitesmobs:desertstonebrick":1,"minecraft:acacia_stairs":1,"minecraft:spider_eye":11,"lycanitesmobs:desertstonetile":2,"lycanitesmobs:scorchfireballcharge":2,"minecraft:gray_wool":1,"minecraft:emerald":1,"minecraft:bread":57,"tombstone:magic_scroll":1,"minecraft:oak_sapling":2,"minecraft:coal":6,"minecraft:ender_pearl":1},"minecraft:broken":{"minecraft:leather_chestplate":1,"minecraft:leather_boots":1,"minecraft:iron_sword":1},"minecraft:mined":{"minecraft:white_bed":3,"minecraft:jungle_leaves":2,"minecraft:acacia_log":10,"minecraft:grass_block":13,"minecraft:jungle_log":13,"minecraft:spawner":21,"minecraft:tall_seagrass":2,"minecraft:furnace":1,"minecraft:acacia_wood":2,"lycanitesmobs:desertstonebrick":1,"minecraft:bookshelf":3,"minecraft:vine":2,"lycanitesmobs:desertstonetile":2,"minecraft:stone":6,"minecraft:crafting_table":2,"minecraft:chest":3,"minecraft:tall_grass":1,"lycanitesmobs:desertstonechiseled":2,"minecraft:oak_planks":1,"minecraft:wall_torch":3,"lycanitesmobs:desertstonepillar":1,"minecraft:grass":16,"minecraft:oak_log":5,"minecraft:sand":8,"minecraft:dirt":12,"lycanitesmobs:scorchfire":72,"minecraft:oak_leaves":8,"minecraft:fern":2},"minecraft:used":{"minecraft:stone_sword":19,"lycanitesmobs:raw_jouste_meat":2,"minecraft:chest":3,"minecraft:shield":9,"minecraft:stone":7,"minecraft:iron_sword":324,"minecraft:player_head":1,"minecraft:torch":18,"minecraft:dirt":29,"minecraft:jungle_sapling":1,"minecraft:item_frame":5,"lycanitesmobs:raw_krake_meat":1,"minecraft:oak_sapling":2,"minecraft:furnace":1,"tombstone:gift":2,"minecraft:acacia_planks":2,"lycanitesmobs:cooked_krake_meat":1,"lycanitesmobs:raw_chupacabra_meat":1,"minecraft:stone_pickaxe":35,"minecraft:oak_planks":1,"minecraft:wooden_pickaxe":5,"minecraft:sand":2,"minecraft:crafting_table":4,"minecraft:white_bed":4,"foodtxf:cooked_player_flesh":4,"minecraft:bread":37,"tombstone:grave_key":9,"lycanitesmobs:desertstonechiseled":1,"minecraft:stone_axe":34,"minecraft:cobblestone":1,"iceandfire:dragon_skull_fire":1,"minecraft:gray_wool":1,"minecraft:experience_bottle":1},"minecraft:custom":{"minecraft:mob_kills":37,"minecraft:interact_with_crafting_table":12,"minecraft:eat_cake_slice":2,"minecraft:leave_game":1,"minecraft:time_since_death":3058,"minecraft:climb_one_cm":294,"minecraft:sprint_one_cm":222531,"minecraft:walk_one_cm":371483,"minecraft:damage_blocked_by_shield":106,"minecraft:drop":9,"minecraft:talked_to_villager":2,"minecraft:deaths":12,"minecraft:sneak_time":2359,"minecraft:walk_under_water_one_cm":6075,"minecraft:jump":1329,"minecraft:walk_on_water_one_cm":7617,"minecraft:interact_with_furnace":15,"minecraft:play_one_minute":78589,"minecraft:sleep_in_bed":2,"minecraft:time_since_rest":2857,"minecraft:waystone_activated":1,"minecraft:damage_taken":5441,"minecraft:damage_dealt":10935,"minecraft:swim_one_cm":2399,"minecraft:fly_one_cm":261577,"minecraft:player_kills":1,"minecraft:open_chest":30,"minecraft:crouch_one_cm":5871,"tombstone:undead_killed":12,"minecraft:fall_one_cm":36926},"minecraft:killed_by":{"minecraft:spider":2,"lycanitesmobs:crusk":2,"lycanitesmobs:clink":6,"iceandfire:cockatrice":1},"minecraft:killed":{"lycanitesmobs:tremor":1,"lycanitesmobs:banshee":1,"lycanitesmobs:reaper":2,"lycanitesmobs:cryptkeeper":5,"minecraft:spider":1,"lycanitesmobs:sutiramu":5,"minecraft:skeleton":3,"lycanitesmobs:clink":4,"lycanitesmobs:maka":1,"lycanitesmobs:erepede":1,"lycanitesmobs:geist":1,"minecraft:rabbit":1,"minecraft:creeper":1,"lycanitesmobs:chupacabra":1,"minecraft:zombie":1,"lycanitesmobs:geonach":1,"minecraft:enderman":1},"minecraft:crafted":{"minecraft:oak_planks":20,"foodtxf:cooked_player_flesh":4,"minecraft:furnace":1,"minecraft:cooked_mutton":4,"minecraft:stone_pickaxe":1,"minecraft:crafting_table":3,"minecraft:wooden_pickaxe":1,"minecraft:stone_axe":1,"minecraft:air":0,"minecraft:jungle_planks":8,"lycanitesmobs:cooked_krake_meat":1,"minecraft:charcoal":10,"minecraft:stick":12,"minecraft:stone_sword":1,"minecraft:white_bed":1,"minecraft:acacia_planks":48,"minecraft:torch":20}},"DataVersion":2586}