{"stats":{"minecraft:crafted":{"minecraft:oak_planks":20,"lycanitesmobs:stablesummoningstaff":1,"minecraft:cooked_mutton":4,"minecraft:crafting_table":7,"minecraft:spruce_planks":120,"minecraft:wooden_pickaxe":1,"minecraft:charcoal":11,"minecraft:stick":140,"minecraft:iron_pickaxe":1,"minecraft:iron_ingot":8,"minecraft:stone_sword":1,"foodtxf:cooked_player_flesh":88,"minecraft:furnace":4,"lycanitesmobs:cooked_chupacabra_meat":10,"minecraft:iron_axe":2,"minecraft:stone_pickaxe":1,"minecraft:diamond_boots":2,"lycanitesmobs:soulgazer":2,"minecraft:dark_oak_planks":8,"sophisticatedbackpacks:iron_backpack":1,"minecraft:iron_sword":3,"sophisticatedbackpacks:gold_backpack":1,"minecraft:bucket":1,"minecraft:stone_axe":1,"minecraft:air":0,"minecraft:jungle_planks":16,"lycanitesmobs:cooked_krake_meat":1,"minecraft:white_bed":2,"minecraft:acacia_planks":48,"minecraft:torch":120,"minecraft:diamond_chestplate":2},"minecraft:killed_by":{"iceandfire:cyclops":11,"lycanitesmobs:xaphan":1,"lycanitesmobs:krake":2,"minecraft:creeper":3,"lycanitesmobs:triffid":1,"lycanitesmobs:feradon":5,"lycanitesmobs:warg":9,"lycanitesmobs:eechetik":5,"lycanitesmobs:vespid":1,"lycanitesmobs:maug":3,"lycanitesmobs:ent":2,"lycanitesmobs:jabberwock":7,"iceandfire:sea_serpent":1,"lycanitesmobs:makaalpha":1,"lycanitesmobs:gnekk":3,"lycanitesmobs:wendigo":1,"lycanitesmobs:jengu":1,"lycanitesmobs:necrovore":1,"lycanitesmobs:lycosa":3,"lycanitesmobs:zoataur":3,"lycanitesmobs:crusk":2,"lycanitesmobs:clink":6,"lycanitesmobs:afrit":3,"minecraft:zombie":3,"lycanitesmobs:darkling":1,"lycanitesmobs:spectre":2,"iceandfire:fire_dragon":3,"lycanitesmobs:balayang":1,"lycanitesmobs:conba":5,"minecraft:player":1,"lycanitesmobs:ventoraptor":11,"iceandfire:myrmex_worker":1,"lycanitesmobs:ghoul":5,"lycanitesmobs:aglebemu":3,"minecraft:spider":3,"lycanitesmobs:ostimien":4,"lycanitesmobs:tpumpkyn":1,"minecraft:iron_golem":2,"iceandfire:amphithere":1,"lycanitesmobs:chupacabra":1,"lycanitesmobs:geonach":1,"lycanitesmobs:reiver":11,"minecraft:skeleton":4,"iceandfire:cockatrice":2,"lycanitesmobs:geken":8},"minecraft:killed":{"lycanitesmobs:krake":8,"iceandfire:hippogryph":1,"lycanitesmobs:arix":2,"lycanitesmobs:cryptkeeper":5,"lycanitesmobs:roc":12,"lycanitesmobs:eechetik":2,"minecraft:spider":5,"lycanitesmobs:spriggan":11,"lycanitesmobs:sutiramu":5,"lycanitesmobs:gnekk":2,"minecraft:skeleton":16,"lycanitesmobs:yale":5,"lycanitesmobs:necrovore":2,"lycanitesmobs:treant":1,"lycanitesmobs:maka":2,"lycanitesmobs:erepede":1,"lycanitesmobs:geken":8,"iceandfire:myrmex_worker":4,"lycanitesmobs:aegis":4,"lycanitesmobs:geist":1,"lycanitesmobs:jouste":2,"lycanitesmobs:brucha":1,"lycanitesmobs:frostweaver":6,"lycanitesmobs:aspid":1,"lycanitesmobs:arisaur":1,"minecraft:creeper":1,"iceandfire:cockatrice":1,"minecraft:sheep":1,"minecraft:zombie":12,"lycanitesmobs:geonach":3,"lycanitesmobs:warg":8,"lycanitesmobs:pixen":1,"lycanitesmobs:tremor":3,"lycanitesmobs:ghoul":4,"lycanitesmobs:banshee":1,"lycanitesmobs:reaper":5,"lycanitesmobs:ostimien":7,"lycanitesmobs:aglebemu":2,"lycanitesmobs:wendigo":1,"lycanitesmobs:silex":1,"lycanitesmobs:shambler":1,"lycanitesmobs:conba":1,"lycanitesmobs:cinder":9,"lycanitesmobs:ent":8,"lycanitesmobs:clink":4,"lycanitesmobs:nymph":1,"lycanitesmobs:maug":2,"iceandfire:deathworm":1,"lycanitesmobs:xaphan":1,"lycanitesmobs:triffid":2,"iceandfire:troll":1,"minecraft:rabbit":1,"lycanitesmobs:ventoraptor":2,"lycanitesmobs:calpod":1,"lycanitesmobs:chupacabra":4,"lycanitesmobs:lycosa":8,"lycanitesmobs:jabberwock":2,"lycanitesmobs:reiver":5,"lycanitesmobs:afrit":4,"lycanitesmobs:vespid":8,"minecraft:enderman":1,"lycanitesmobs:wisp":1},"minecraft:mined":{"minecraft:spruce_planks":31,"minecraft:white_bed":6,"minecraft:cobblestone_stairs":1,"minecraft:jungle_leaves":7,"minecraft:brewing_stand":1,"minecraft:spruce_trapdoor":2,"minecraft:acacia_log":10,"minecraft:grass_block":20,"minecraft:jungle_log":15,"iceandfire:lectern":1,"minecraft:spawner":48,"minecraft:tall_seagrass":4,"minecraft:iron_ore":9,"minecraft:fire":2,"lycanitesmobs:desertstonetile":2,"lycanitesmobs:equipmentforge_greater":1,"minecraft:torch":17,"lycanitesmobs:propolis":13,"minecraft:poppy":1,"minecraft:chest":25,"minecraft:dead_bush":1,"lycanitesmobs:desertstonechiseled":2,"minecraft:cobblestone":36,"lycanitesmobs:quickweb":1,"minecraft:oak_planks":1,"minecraft:wall_torch":9,"lycanitesmobs:frostweb":5,"minecraft:grass":65,"minecraft:oak_log":6,"minecraft:acacia_fence":1,"minecraft:sand":13,"minecraft:dirt":12,"minecraft:stonecutter":1,"lycanitesmobs:lushstonebrick":8,"minecraft:oak_leaves":46,"lycanitesmobs:icefire":35,"minecraft:mossy_cobblestone":2,"minecraft:dark_oak_leaves":1,"lycanitesmobs:lushstonechiseled":5,"minecraft:dark_oak_log":2,"minecraft:spruce_leaves":53,"minecraft:potted_bamboo":1,"minecraft:cartography_table":1,"minecraft:large_fern":13,"minecraft:furnace":4,"minecraft:acacia_wood":2,"lycanitesmobs:lushcrystal":1,"lycanitesmobs:desertstonebrick":5,"minecraft:andesite":10,"minecraft:bookshelf":50,"minecraft:vine":2,"minecraft:lantern":1,"minecraft:stone":114,"minecraft:glass_pane":2,"lycanitesmobs:shadowfire":10,"minecraft:crafting_table":12,"minecraft:honey_block":82,"minecraft:lectern":1,"minecraft:tall_grass":14,"minecraft:blue_bed":3,"lycanitesmobs:desertstonepillar":1,"minecraft:purple_bed":6,"lycanitesmobs:equipmentforge_lesser":1,"minecraft:spruce_log":185,"minecraft:birch_leaves":5,"minecraft:coal_ore":14,"minecraft:cobweb":11,"lycanitesmobs:scorchfire":79,"minecraft:fern":8},"minecraft:picked_up":{"lycanitesmobs:quillcharge":6,"lycanitesmobs:raw_chupacabra_meat":13,"minecraft:wheat":2,"minecraft:flower_pot":1,"minecraft:potion":2,"minecraft:enchanted_book":5,"lycanitesmobs:propolis":22,"minecraft:brewing_stand":1,"lycanitesmobs:raw_arisaur_meat":12,"lycanitesmobs:equipmentpart_geonachspear":1,"minecraft:string":110,"lycanitesmobs:lightballcharge":3,"lycanitesmobs:raw_aspid_meat":1,"minecraft:experience_bottle":3,"minecraft:gold_nugget":43,"lycanitesmobs:immunizer":3,"minecraft:spruce_planks":30,"minecraft:red_dye":2,"lycanitesmobs:lushstonebrick":12,"minecraft:furnace":3,"minecraft:stick":98,"minecraft:acacia_fence":2,"lycanitesmobs:soulstone_plant":1,"minecraft:acacia_log":10,"minecraft:torch":44,"iceandfire:pixie_house_mushroom_brown":1,"lycanitesmobs:soulstone_avian":2,"lycanitesmobs:desertstonechiseled":2,"iceandfire:rotten_egg":1,"tombstone:grave_dust":4,"minecraft:vine":3,"lycanitesmobs:geistliver":5,"foodtxf:player_flesh":8,"foodtxf:cooked_player_flesh":1,"lycanitesmobs:summoningstaff":2,"minecraft:cactus":1,"minecraft:rotten_flesh":43,"lycanitesmobs:lushcrystal":2,"lycanitesmobs:stablesummoningstaff":1,"lycanitesmobs:equipmentpart_ventoraptorskull":2,"iceandfire:myrmex_desert_chitin":2,"minecraft:blaze_rod":6,"minecraft:obsidian":2,"minecraft:cod":3,"lycanitesmobs:lifedraincharge":14,"minecraft:snowball":43,"minecraft:blaze_powder":10,"minecraft:cobblestone":180,"minecraft:feather":34,"minecraft:andesite":6,"minecraft:jungle_log":15,"lycanitesmobs:tundracharge":9,"lycanitesmobs:poopcharge":3,"minecraft:potato":1,"minecraft:flint":11,"lycanitesmobs:icefireballcharge":3,"minecraft:map":1,"lycanitesmobs:frostwebcharge":21,"minecraft:lapis_lazuli":2,"minecraft:dirt":127,"minecraft:lantern":11,"lycanitesmobs:aetherwavecharge":2,"minecraft:bone":136,"minecraft:acacia_planks":2,"minecraft:stonecutter":1,"minecraft:wheat_seeds":48,"lycanitesmobs:poisongland":17,"minecraft:glowstone_dust":26,"minecraft:bamboo":1,"minecraft:oak_planks":1,"lycanitesmobs:raw_yale_meat":10,"lycanitesmobs:spectralboltcharge":9,"lycanitesmobs:frostboltcharge":16,"lycanitesmobs:raw_silex_meat":1,"iceandfire:dragon_skull_fire":4,"minecraft:sand":33,"minecraft:ink_sac":3,"minecraft:acacia_stairs":1,"minecraft:dark_oak_log":2,"iceandfire:myrmex_stinger":1,"minecraft:mossy_cobblestone":1,"lycanitesmobs:scorchfireballcharge":12,"waystones:waystone":1,"minecraft:diamond":142,"iceandfire:lectern":1,"minecraft:writable_book":1,"minecraft:emerald":3,"minecraft:bread":57,"minecraft:oak_sapling":4,"minecraft:cocoa_beans":19,"minecraft:crafting_table":12,"iceandfire:witherbone":2,"minecraft:chicken":2,"minecraft:clay_ball":57,"iceandfire:fire_lily":1,"minecraft:brown_mushroom":20,"minecraft:diamond_horse_armor":1,"minecraft:shield":1,"lycanitesmobs:equipmentpart_clinkscythe":1,"lycanitesmobs:equipmentpart_cinderblade":1,"lycanitesmobs:embercharge":22,"minecraft:snow":2,"minecraft:item_frame":2,"minecraft:iron_shovel":1,"lycanitesmobs:tricksterflarecharge":4,"iceandfire:bestiary":3,"minecraft:cartography_table":1,"lycanitesmobs:equipmentpart_wendigoantler":1,"minecraft:jungle_sapling":2,"minecraft:poppy":5,"minecraft:lectern":1,"minecraft:chest":26,"minecraft:birch_sapling":1,"lycanitesmobs:raw_maka_meat":5,"minecraft:spruce_trapdoor":4,"minecraft:phantom_membrane":8,"iceandfire:dragonbone":62,"minecraft:stone":21,"iceandfire:troll_tusk":1,"lycanitesmobs:frostyfur":13,"iceandfire:deathworm_chitin_red":4,"lycanitesmobs:cleansingcrystal":1,"lycanitesmobs:soulgazer":3,"minecraft:tnt":9,"iceandfire:silver_ingot":4,"minecraft:arrow":15,"lycanitesmobs:raw_jouste_meat":7,"minecraft:peony":1,"minecraft:hay_block":9,"lycanitesmobs:chaosorbcharge":3,"minecraft:gold_ingot":11,"minecraft:mutton":9,"minecraft:white_wool":21,"lycanitesmobs:equipmentforge_lesser":1,"minecraft:air":0,"minecraft:salmon":4,"minecraft:leather":68,"minecraft:acacia_wood":4,"minecraft:red_mushroom":17,"lycanitesmobs:throwingscythecharge":25,"minecraft:ice":22,"lycanitesmobs:acidsplashcharge":5,"lycanitesmobs:mudshotcharge":6,"lycanitesmobs:sturdysummoningstaff":2,"minecraft:oak_log":49,"minecraft:chainmail_chestplate":1,"lycanitesmobs:veswax":11,"lycanitesmobs:raw_krake_meat":23,"minecraft:gunpowder":37,"minecraft:cobblestone_stairs":1,"lycanitesmobs:equipmentforge_greater":1,"minecraft:blue_bed":3,"minecraft:paper":1,"lycanitesmobs:equipmentpart_sutiramustinger":1,"minecraft:cooked_mutton":2,"lycanitesmobs:equipmentpart_sprigganheart":1,"lycanitesmobs:faeboltcharge":3,"minecraft:iron_ingot":13,"minecraft:cobweb":12,"minecraft:cooked_chicken":3,"minecraft:iron_ore":19,"minecraft:soul_sand":4,"minecraft:iron_sword":4,"minecraft:acacia_sapling":3,"minecraft:book":153,"iceandfire:copper_nugget":28,"lycanitesmobs:soulstone_imp":1,"minecraft:sweet_berries":5,"minecraft:quartz":38,"minecraft:spruce_sapling":24,"minecraft:white_bed":7,"lycanitesmobs:desertstonebrick":6,"minecraft:spruce_log":208,"minecraft:spider_eye":46,"lycanitesmobs:desertstonetile":2,"lycanitesmobs:lushstonechiseled":8,"minecraft:pumpkin_seeds":22,"minecraft:purple_bed":5,"lycanitesmobs:lushstonepillar":2,"minecraft:slime_ball":15,"minecraft:honey_block":29,"lycanitesmobs:equipmentpart_conbabutt":2,"minecraft:gray_wool":1,"tombstone:magic_scroll":2,"minecraft:melon_seeds":19,"minecraft:coal":40,"minecraft:ender_pearl":4},"minecraft:dropped":{"minecraft:iron_sword":2,"minecraft:acacia_wood":1,"minecraft:brown_mushroom":3,"lycanitesmobs:aetherwavecharge":1,"minecraft:item_frame":1,"minecraft:mutton":2,"lycanitesmobs:sturdysummoningstaff":2,"minecraft:jungle_sapling":1,"minecraft:gold_nugget":1,"minecraft:wheat":1,"minecraft:poppy":2,"minecraft:melon_seeds":1,"lycanitesmobs:equipmentpart_conbabutt":1,"minecraft:acacia_sapling":3,"minecraft:chest":2,"iceandfire:bestiary":1,"lycanitesmobs:soulgazer":3,"lycanitesmobs:equipmentpart_geonachspear":1,"lycanitesmobs:summoningstaff":1,"minecraft:acacia_fence":2,"minecraft:wheat_seeds":7,"lycanitesmobs:spectralboltcharge":3,"minecraft:coal":2,"minecraft:cobweb":12,"minecraft:acacia_planks":40,"iceandfire:dragonbone":14,"lycanitesmobs:frostyfur":2,"minecraft:cocoa_beans":5,"iceandfire:troll_tusk":1,"lycanitesmobs:cooked_chupacabra_meat":2,"lycanitesmobs:soulstone_plant":1,"iceandfire:rotten_egg":1,"minecraft:diamond_chestplate":1,"minecraft:diamond_boots":1,"lycanitesmobs:poopcharge":1,"lycanitesmobs:stablesummoningstaff":1},"minecraft:used":{"iceandfire:lectern":1,"lycanitesmobs:raw_jouste_meat":2,"minecraft:chest":24,"minecraft:shield":152,"minecraft:stone":18,"minecraft:iron_sword":1421,"minecraft:player_head":1,"minecraft:rotten_flesh":1,"lycanitesmobs:raw_arisaur_meat":1,"artifacts:umbrella":272,"minecraft:snowball":3,"minecraft:jungle_sapling":1,"minecraft:honey_block":6,"minecraft:lantern":1,"minecraft:item_frame":5,"lycanitesmobs:raw_krake_meat":1,"minecraft:oak_sapling":2,"minecraft:furnace":6,"minecraft:stone_pickaxe":109,"minecraft:oak_planks":1,"minecraft:wooden_pickaxe":5,"minecraft:blue_bed":2,"minecraft:white_wool":1,"minecraft:sand":3,"foodtxf:player_flesh":10,"waystones:waystone":1,"minecraft:bread":106,"minecraft:lectern":1,"tombstone:grave_key":127,"lycanitesmobs:desertstonechiseled":1,"lycanitesmobs:cooked_chupacabra_meat":8,"iceandfire:dragon_skull_fire":1,"lycanitesmobs:equipmentforge_greater":1,"lycanitesmobs:equipmentforge_lesser":1,"minecraft:andesite":4,"minecraft:experience_bottle":1,"minecraft:stone_sword":19,"minecraft:spruce_planks":84,"minecraft:torch":144,"minecraft:dirt":72,"minecraft:iron_axe":367,"tombstone:gift":2,"minecraft:acacia_planks":2,"minecraft:cooked_mutton":4,"lycanitesmobs:cooked_krake_meat":1,"minecraft:water_bucket":46,"minecraft:cobblestone_stairs":1,"lycanitesmobs:raw_chupacabra_meat":1,"minecraft:cartography_table":1,"minecraft:crafting_table":13,"minecraft:white_bed":8,"foodtxf:cooked_player_flesh":107,"minecraft:spruce_log":20,"minecraft:oak_log":2,"minecraft:flower_pot":1,"minecraft:iron_pickaxe":203,"minecraft:spruce_trapdoor":1,"minecraft:stone_axe":76,"minecraft:cobblestone":77,"minecraft:purple_bed":3,"minecraft:bucket":47,"minecraft:gray_wool":1},"minecraft:broken":{"minecraft:iron_leggings":1,"minecraft:stone_axe":1,"minecraft:iron_sword":4,"minecraft:leather_helmet":1,"minecraft:leather_chestplate":1,"minecraft:shield":1,"minecraft:iron_axe":1,"minecraft:leather_boots":1,"minecraft:iron_helmet":2},"minecraft:custom":{"minecraft:interact_with_crafting_table":62,"minecraft:open_barrel":1,"minecraft:bell_ring":14,"minecraft:eat_cake_slice":2,"minecraft:leave_game":13,"minecraft:time_since_death":1942,"minecraft:sprint_one_cm":1728590,"minecraft:damage_blocked_by_shield":6152,"minecraft:drop":46,"minecraft:talked_to_villager":6,"minecraft:deaths":150,"minecraft:jump":9023,"minecraft:interact_with_brewingstand":1,"minecraft:walk_on_water_one_cm":173009,"minecraft:interact_with_furnace":64,"minecraft:interact_with_cartography_table":1,"minecraft:play_one_minute":549204,"minecraft:sleep_in_bed":17,"minecraft:waystone_activated":5,"minecraft:damage_dealt":50722,"minecraft:player_kills":1,"minecraft:crouch_one_cm":25821,"tombstone:undead_killed":46,"minecraft:mob_kills":239,"minecraft:interact_with_anvil":1,"minecraft:climb_one_cm":7310,"minecraft:walk_one_cm":1870246,"minecraft:sneak_time":12226,"minecraft:walk_under_water_one_cm":46878,"minecraft:interact_with_blast_furnace":2,"minecraft:pot_flower":1,"minecraft:time_since_rest":1813,"minecraft:damage_taken":56438,"minecraft:swim_one_cm":74089,"minecraft:fly_one_cm":1988810,"minecraft:open_chest":327,"minecraft:fall_one_cm":273289}},"DataVersion":2586}