{"stats":{"minecraft:crafted":{"minecraft:oak_planks":20,"minecraft:cooked_mutton":4,"minecraft:crafting_table":6,"minecraft:spruce_planks":80,"minecraft:wooden_pickaxe":1,"minecraft:charcoal":11,"minecraft:stick":140,"minecraft:iron_pickaxe":1,"minecraft:iron_ingot":8,"minecraft:stone_sword":1,"foodtxf:cooked_player_flesh":66,"minecraft:furnace":3,"lycanitesmobs:cooked_chupacabra_meat":7,"minecraft:iron_axe":2,"minecraft:stone_pickaxe":1,"minecraft:diamond_boots":2,"lycanitesmobs:soulgazer":2,"minecraft:dark_oak_planks":8,"sophisticatedbackpacks:iron_backpack":1,"minecraft:iron_sword":3,"sophisticatedbackpacks:gold_backpack":1,"minecraft:bucket":1,"minecraft:stone_axe":1,"minecraft:air":0,"minecraft:jungle_planks":16,"lycanitesmobs:cooked_krake_meat":1,"minecraft:white_bed":2,"minecraft:acacia_planks":48,"minecraft:torch":120,"minecraft:diamond_chestplate":2},"minecraft:killed_by":{"iceandfire:cyclops":11,"lycanitesmobs:xaphan":1,"lycanitesmobs:krake":2,"minecraft:creeper":3,"lycanitesmobs:triffid":1,"lycanitesmobs:feradon":5,"lycanitesmobs:warg":7,"lycanitesmobs:vespid":1,"lycanitesmobs:maug":3,"lycanitesmobs:makaalpha":1,"lycanitesmobs:wendigo":1,"lycanitesmobs:zoataur":3,"lycanitesmobs:crusk":2,"lycanitesmobs:clink":6,"lycanitesmobs:afrit":3,"minecraft:zombie":2,"lycanitesmobs:darkling":1,"lycanitesmobs:spectre":2,"iceandfire:fire_dragon":3,"lycanitesmobs:balayang":1,"minecraft:player":1,"lycanitesmobs:ventoraptor":11,"iceandfire:myrmex_worker":1,"minecraft:spider":3,"lycanitesmobs:tpumpkyn":1,"minecraft:iron_golem":2,"iceandfire:amphithere":1,"lycanitesmobs:chupacabra":1,"lycanitesmobs:geonach":1,"lycanitesmobs:reiver":11,"minecraft:skeleton":4,"iceandfire:cockatrice":2},"minecraft:killed":{"lycanitesmobs:krake":8,"iceandfire:hippogryph":1,"lycanitesmobs:arix":2,"lycanitesmobs:cryptkeeper":5,"lycanitesmobs:roc":12,"minecraft:spider":5,"lycanitesmobs:sutiramu":5,"minecraft:skeleton":12,"lycanitesmobs:yale":5,"lycanitesmobs:necrovore":1,"lycanitesmobs:maka":2,"lycanitesmobs:erepede":1,"iceandfire:myrmex_worker":4,"lycanitesmobs:aegis":4,"lycanitesmobs:geist":1,"lycanitesmobs:jouste":2,"lycanitesmobs:brucha":1,"lycanitesmobs:frostweaver":6,"lycanitesmobs:aspid":1,"lycanitesmobs:arisaur":1,"minecraft:creeper":1,"iceandfire:cockatrice":1,"minecraft:sheep":1,"minecraft:zombie":6,"lycanitesmobs:geonach":3,"lycanitesmobs:warg":3,"lycanitesmobs:tremor":3,"lycanitesmobs:banshee":1,"lycanitesmobs:reaper":5,"lycanitesmobs:wendigo":1,"lycanitesmobs:silex":1,"lycanitesmobs:shambler":1,"lycanitesmobs:cinder":9,"lycanitesmobs:ent":5,"lycanitesmobs:clink":4,"lycanitesmobs:nymph":1,"lycanitesmobs:maug":2,"iceandfire:deathworm":1,"lycanitesmobs:xaphan":1,"lycanitesmobs:triffid":2,"iceandfire:troll":1,"minecraft:rabbit":1,"lycanitesmobs:ventoraptor":2,"lycanitesmobs:chupacabra":2,"lycanitesmobs:reiver":5,"lycanitesmobs:afrit":4,"lycanitesmobs:vespid":8,"minecraft:enderman":1,"lycanitesmobs:wisp":1},"minecraft:mined":{"minecraft:white_bed":6,"minecraft:cobblestone_stairs":1,"minecraft:jungle_leaves":7,"minecraft:brewing_stand":1,"minecraft:spruce_trapdoor":2,"minecraft:acacia_log":10,"minecraft:grass_block":19,"minecraft:jungle_log":15,"iceandfire:lectern":1,"minecraft:spawner":28,"minecraft:tall_seagrass":4,"minecraft:iron_ore":9,"minecraft:fire":2,"lycanitesmobs:desertstonetile":2,"lycanitesmobs:equipmentforge_greater":1,"minecraft:torch":9,"lycanitesmobs:propolis":13,"minecraft:poppy":1,"minecraft:chest":25,"minecraft:dead_bush":1,"lycanitesmobs:desertstonechiseled":2,"minecraft:cobblestone":33,"minecraft:oak_planks":1,"minecraft:wall_torch":4,"lycanitesmobs:frostweb":3,"minecraft:grass":65,"minecraft:oak_log":5,"minecraft:acacia_fence":1,"minecraft:sand":13,"minecraft:dirt":12,"minecraft:stonecutter":1,"minecraft:oak_leaves":41,"lycanitesmobs:icefire":35,"minecraft:mossy_cobblestone":2,"minecraft:dark_oak_leaves":1,"minecraft:dark_oak_log":2,"minecraft:spruce_leaves":53,"minecraft:potted_bamboo":1,"minecraft:cartography_table":1,"minecraft:large_fern":12,"minecraft:furnace":3,"minecraft:acacia_wood":2,"lycanitesmobs:desertstonebrick":5,"minecraft:andesite":4,"minecraft:bookshelf":50,"minecraft:vine":2,"minecraft:lantern":1,"minecraft:stone":114,"minecraft:glass_pane":2,"lycanitesmobs:shadowfire":10,"minecraft:crafting_table":10,"minecraft:honey_block":82,"minecraft:lectern":1,"minecraft:tall_grass":14,"minecraft:blue_bed":3,"lycanitesmobs:desertstonepillar":1,"minecraft:purple_bed":5,"lycanitesmobs:equipmentforge_lesser":1,"minecraft:spruce_log":185,"minecraft:birch_leaves":5,"minecraft:coal_ore":14,"minecraft:cobweb":11,"lycanitesmobs:scorchfire":79,"minecraft:fern":8},"minecraft:picked_up":{"lycanitesmobs:quillcharge":4,"lycanitesmobs:raw_chupacabra_meat":8,"minecraft:wheat":2,"minecraft:flower_pot":1,"minecraft:potion":2,"minecraft:enchanted_book":5,"lycanitesmobs:propolis":22,"minecraft:brewing_stand":1,"lycanitesmobs:raw_arisaur_meat":12,"lycanitesmobs:equipmentpart_geonachspear":1,"minecraft:string":58,"lycanitesmobs:lightballcharge":3,"lycanitesmobs:raw_aspid_meat":1,"minecraft:experience_bottle":3,"minecraft:gold_nugget":42,"minecraft:red_dye":2,"minecraft:furnace":2,"minecraft:stick":52,"minecraft:acacia_fence":2,"minecraft:acacia_log":10,"minecraft:torch":23,"iceandfire:pixie_house_mushroom_brown":1,"lycanitesmobs:desertstonechiseled":2,"iceandfire:rotten_egg":1,"tombstone:grave_dust":2,"lycanitesmobs:geistliver":5,"foodtxf:player_flesh":8,"foodtxf:cooked_player_flesh":1,"lycanitesmobs:summoningstaff":1,"minecraft:cactus":1,"minecraft:rotten_flesh":38,"lycanitesmobs:equipmentpart_ventoraptorskull":2,"iceandfire:myrmex_desert_chitin":2,"minecraft:blaze_rod":6,"minecraft:obsidian":2,"minecraft:snowball":43,"minecraft:blaze_powder":10,"minecraft:cobblestone":177,"minecraft:feather":34,"minecraft:andesite":6,"minecraft:jungle_log":15,"lycanitesmobs:tundracharge":9,"lycanitesmobs:poopcharge":1,"minecraft:flint":11,"lycanitesmobs:icefireballcharge":3,"minecraft:map":1,"lycanitesmobs:frostwebcharge":21,"minecraft:lapis_lazuli":2,"minecraft:dirt":126,"minecraft:lantern":11,"lycanitesmobs:aetherwavecharge":2,"minecraft:bone":103,"minecraft:acacia_planks":2,"minecraft:stonecutter":1,"minecraft:wheat_seeds":35,"minecraft:glowstone_dust":17,"minecraft:bamboo":1,"minecraft:oak_planks":1,"lycanitesmobs:raw_yale_meat":10,"lycanitesmobs:spectralboltcharge":9,"lycanitesmobs:frostboltcharge":16,"lycanitesmobs:raw_silex_meat":1,"iceandfire:dragon_skull_fire":4,"minecraft:sand":33,"minecraft:ink_sac":3,"minecraft:acacia_stairs":1,"minecraft:dark_oak_log":2,"iceandfire:myrmex_stinger":1,"minecraft:mossy_cobblestone":1,"lycanitesmobs:scorchfireballcharge":12,"minecraft:diamond":121,"iceandfire:lectern":1,"minecraft:writable_book":1,"minecraft:emerald":3,"minecraft:bread":57,"minecraft:oak_sapling":4,"minecraft:cocoa_beans":5,"minecraft:crafting_table":10,"iceandfire:witherbone":2,"minecraft:chicken":2,"minecraft:clay_ball":57,"iceandfire:fire_lily":1,"minecraft:brown_mushroom":9,"minecraft:diamond_horse_armor":1,"minecraft:shield":1,"lycanitesmobs:equipmentpart_clinkscythe":1,"lycanitesmobs:equipmentpart_cinderblade":1,"lycanitesmobs:embercharge":22,"minecraft:snow":2,"minecraft:item_frame":2,"lycanitesmobs:tricksterflarecharge":2,"iceandfire:bestiary":3,"minecraft:cartography_table":1,"lycanitesmobs:equipmentpart_wendigoantler":1,"minecraft:jungle_sapling":2,"minecraft:poppy":3,"minecraft:lectern":1,"minecraft:chest":26,"minecraft:birch_sapling":1,"lycanitesmobs:raw_maka_meat":5,"minecraft:spruce_trapdoor":4,"minecraft:phantom_membrane":8,"iceandfire:dragonbone":62,"minecraft:stone":21,"iceandfire:troll_tusk":1,"lycanitesmobs:frostyfur":13,"iceandfire:deathworm_chitin_red":4,"lycanitesmobs:cleansingcrystal":1,"lycanitesmobs:soulgazer":1,"minecraft:tnt":9,"iceandfire:silver_ingot":4,"minecraft:arrow":15,"lycanitesmobs:raw_jouste_meat":7,"minecraft:peony":1,"minecraft:hay_block":9,"lycanitesmobs:chaosorbcharge":3,"minecraft:gold_ingot":10,"minecraft:mutton":9,"minecraft:white_wool":21,"lycanitesmobs:equipmentforge_lesser":1,"minecraft:air":0,"minecraft:salmon":4,"minecraft:leather":45,"minecraft:acacia_wood":4,"minecraft:red_mushroom":10,"lycanitesmobs:throwingscythecharge":25,"minecraft:ice":22,"lycanitesmobs:acidsplashcharge":5,"lycanitesmobs:mudshotcharge":6,"lycanitesmobs:sturdysummoningstaff":2,"minecraft:oak_log":25,"minecraft:chainmail_chestplate":1,"lycanitesmobs:veswax":11,"lycanitesmobs:raw_krake_meat":23,"minecraft:gunpowder":37,"minecraft:cobblestone_stairs":1,"lycanitesmobs:equipmentforge_greater":1,"minecraft:blue_bed":3,"minecraft:paper":1,"lycanitesmobs:equipmentpart_sutiramustinger":1,"minecraft:cooked_mutton":2,"lycanitesmobs:faeboltcharge":3,"minecraft:iron_ingot":12,"minecraft:cobweb":12,"minecraft:cooked_chicken":3,"minecraft:iron_ore":19,"minecraft:soul_sand":4,"minecraft:iron_sword":2,"minecraft:acacia_sapling":3,"minecraft:book":153,"iceandfire:copper_nugget":28,"lycanitesmobs:soulstone_imp":1,"minecraft:sweet_berries":5,"minecraft:quartz":38,"minecraft:spruce_sapling":24,"minecraft:white_bed":7,"lycanitesmobs:desertstonebrick":6,"minecraft:spruce_log":208,"minecraft:spider_eye":37,"lycanitesmobs:desertstonetile":2,"minecraft:pumpkin_seeds":7,"minecraft:purple_bed":4,"minecraft:slime_ball":6,"minecraft:honey_block":29,"minecraft:gray_wool":1,"tombstone:magic_scroll":2,"minecraft:melon_seeds":13,"minecraft:coal":34,"minecraft:ender_pearl":4},"minecraft:dropped":{"minecraft:acacia_wood":1,"minecraft:brown_mushroom":3,"lycanitesmobs:aetherwavecharge":1,"minecraft:item_frame":1,"minecraft:mutton":2,"lycanitesmobs:sturdysummoningstaff":2,"minecraft:jungle_sapling":1,"minecraft:wheat":1,"minecraft:melon_seeds":1,"minecraft:acacia_sapling":3,"minecraft:chest":2,"iceandfire:bestiary":1,"lycanitesmobs:soulgazer":2,"lycanitesmobs:equipmentpart_geonachspear":1,"lycanitesmobs:summoningstaff":1,"minecraft:acacia_fence":2,"minecraft:wheat_seeds":7,"lycanitesmobs:spectralboltcharge":3,"minecraft:coal":2,"minecraft:cobweb":12,"minecraft:acacia_planks":40,"iceandfire:dragonbone":14,"lycanitesmobs:frostyfur":2,"minecraft:cocoa_beans":5,"iceandfire:troll_tusk":1,"lycanitesmobs:cooked_chupacabra_meat":2,"iceandfire:rotten_egg":1,"minecraft:diamond_chestplate":1,"minecraft:diamond_boots":1},"minecraft:used":{"iceandfire:lectern":1,"lycanitesmobs:raw_jouste_meat":2,"minecraft:chest":24,"minecraft:shield":152,"minecraft:stone":18,"minecraft:iron_sword":1230,"minecraft:player_head":1,"minecraft:rotten_flesh":1,"lycanitesmobs:raw_arisaur_meat":1,"minecraft:snowball":3,"minecraft:jungle_sapling":1,"minecraft:honey_block":6,"minecraft:lantern":1,"minecraft:item_frame":5,"lycanitesmobs:raw_krake_meat":1,"minecraft:oak_sapling":2,"minecraft:furnace":5,"minecraft:stone_pickaxe":109,"minecraft:oak_planks":1,"minecraft:wooden_pickaxe":5,"minecraft:blue_bed":1,"minecraft:white_wool":1,"minecraft:sand":3,"minecraft:bread":99,"minecraft:lectern":1,"tombstone:grave_key":58,"lycanitesmobs:desertstonechiseled":1,"lycanitesmobs:cooked_chupacabra_meat":5,"iceandfire:dragon_skull_fire":1,"lycanitesmobs:equipmentforge_greater":1,"lycanitesmobs:equipmentforge_lesser":1,"minecraft:andesite":4,"minecraft:experience_bottle":1,"minecraft:stone_sword":19,"minecraft:spruce_planks":8,"minecraft:torch":40,"minecraft:dirt":72,"minecraft:iron_axe":317,"tombstone:gift":2,"minecraft:acacia_planks":2,"minecraft:cooked_mutton":4,"lycanitesmobs:cooked_krake_meat":1,"minecraft:water_bucket":22,"minecraft:cobblestone_stairs":1,"lycanitesmobs:raw_chupacabra_meat":1,"minecraft:cartography_table":1,"minecraft:crafting_table":10,"minecraft:white_bed":8,"foodtxf:cooked_player_flesh":63,"minecraft:spruce_log":20,"minecraft:flower_pot":1,"minecraft:iron_pickaxe":155,"minecraft:spruce_trapdoor":1,"minecraft:stone_axe":76,"minecraft:cobblestone":72,"minecraft:purple_bed":1,"minecraft:bucket":23,"minecraft:gray_wool":1},"minecraft:broken":{"minecraft:iron_leggings":1,"minecraft:stone_axe":1,"minecraft:iron_sword":3,"minecraft:leather_chestplate":1,"minecraft:shield":1,"minecraft:iron_axe":1,"minecraft:leather_boots":1,"minecraft:iron_helmet":1},"minecraft:custom":{"minecraft:interact_with_crafting_table":55,"minecraft:open_barrel":1,"minecraft:bell_ring":14,"minecraft:eat_cake_slice":2,"minecraft:leave_game":12,"minecraft:time_since_death":15275,"minecraft:sprint_one_cm":1406890,"minecraft:damage_blocked_by_shield":2818,"minecraft:drop":37,"minecraft:talked_to_villager":6,"minecraft:deaths":99,"minecraft:jump":7962,"minecraft:interact_with_brewingstand":1,"minecraft:walk_on_water_one_cm":77597,"minecraft:interact_with_furnace":57,"minecraft:interact_with_cartography_table":1,"minecraft:play_one_minute":420559,"minecraft:sleep_in_bed":14,"minecraft:waystone_activated":3,"minecraft:damage_dealt":39625,"minecraft:player_kills":1,"minecraft:crouch_one_cm":16569,"tombstone:undead_killed":31,"minecraft:mob_kills":173,"minecraft:interact_with_anvil":1,"minecraft:climb_one_cm":7310,"minecraft:walk_one_cm":1415750,"minecraft:sneak_time":7985,"minecraft:walk_under_water_one_cm":44730,"minecraft:interact_with_blast_furnace":2,"minecraft:pot_flower":1,"minecraft:time_since_rest":1959,"minecraft:damage_taken":38209,"minecraft:swim_one_cm":65367,"minecraft:fly_one_cm":1760518,"minecraft:open_chest":305,"minecraft:fall_one_cm":250144}},"DataVersion":2586}