{"stats":{"minecraft:picked_up":{"minecraft:oak_log":5,"minecraft:oak_sapling":2,"minecraft:mutton":4,"minecraft:dirt":23,"minecraft:white_wool":3},"minecraft:mined":{"minecraft:grass":5,"minecraft:tall_seagrass":2,"minecraft:grass_block":1,"minecraft:oak_log":5,"minecraft:dirt":3,"minecraft:tall_grass":1},"minecraft:used":{"minecraft:dirt":4},"minecraft:custom":{"minecraft:time_since_rest":1999,"minecraft:damage_taken":527,"minecraft:crouch_one_cm":205,"minecraft:play_one_minute":6589,"minecraft:sprint_one_cm":19567,"minecraft:deaths":2,"minecraft:walk_one_cm":20083,"minecraft:sneak_time":103,"minecraft:walk_under_water_one_cm":5616,"minecraft:jump":155,"minecraft:damage_dealt":140,"minecraft:leave_game":1,"minecraft:walk_on_water_one_cm":6307,"minecraft:time_since_death":2451,"minecraft:fall_one_cm":4336,"minecraft:fly_one_cm":29023},"minecraft:killed_by":{"minecraft:spider":2}},"DataVersion":2586}