{"stats":{"minecraft:dropped":{"lycanitesmobs:aetherwavecharge":1,"minecraft:jungle_sapling":1,"iceandfire:dragonbone":14},"minecraft:picked_up":{"minecraft:crafting_table":1,"minecraft:air":0,"minecraft:clay_ball":2,"minecraft:jungle_log":13,"iceandfire:fire_lily":1,"minecraft:leather":3,"minecraft:diamond_horse_armor":1,"minecraft:enchanted_book":1,"minecraft:oak_log":5,"lycanitesmobs:raw_krake_meat":2,"minecraft:gunpowder":13,"minecraft:string":15,"minecraft:dirt":40,"minecraft:paper":1,"minecraft:item_frame":1,"lycanitesmobs:aetherwavecharge":2,"minecraft:experience_bottle":1,"minecraft:gold_nugget":6,"minecraft:iron_ingot":2,"minecraft:iron_ore":2,"minecraft:jungle_sapling":2,"minecraft:glowstone_dust":7,"minecraft:chest":3,"minecraft:iron_sword":1,"minecraft:oak_planks":1,"minecraft:book":9,"iceandfire:dragonbone":31,"minecraft:acacia_log":10,"iceandfire:dragon_skull_fire":3,"minecraft:sand":2,"minecraft:white_bed":3,"minecraft:spider_eye":3,"minecraft:tnt":9,"minecraft:arrow":2,"iceandfire:silver_ingot":4,"lycanitesmobs:scorchfireballcharge":2,"lycanitesmobs:raw_jouste_meat":3,"minecraft:emerald":1,"minecraft:oak_sapling":2,"minecraft:white_wool":4,"minecraft:mutton":4,"minecraft:coal":6,"minecraft:cobblestone":21,"minecraft:ender_pearl":1},"minecraft:mined":{"minecraft:white_bed":3,"minecraft:jungle_leaves":2,"minecraft:crafting_table":1,"minecraft:acacia_log":10,"minecraft:grass_block":9,"minecraft:chest":3,"minecraft:jungle_log":13,"minecraft:tall_grass":1,"minecraft:oak_planks":1,"minecraft:tall_seagrass":2,"minecraft:furnace":1,"minecraft:grass":15,"minecraft:bookshelf":3,"minecraft:oak_log":5,"minecraft:vine":2,"minecraft:sand":3,"minecraft:dirt":12,"minecraft:stone":5,"minecraft:oak_leaves":8,"minecraft:fern":2},"minecraft:used":{"lycanitesmobs:cooked_krake_meat":1,"minecraft:stone_sword":19,"minecraft:stone_pickaxe":1,"lycanitesmobs:raw_jouste_meat":2,"minecraft:oak_planks":1,"minecraft:chest":3,"minecraft:wooden_pickaxe":5,"minecraft:iron_sword":8,"minecraft:player_head":1,"minecraft:dirt":27,"minecraft:sand":2,"minecraft:crafting_table":3,"minecraft:white_bed":4,"foodtxf:cooked_player_flesh":4,"minecraft:jungle_sapling":1,"tombstone:grave_key":1,"minecraft:item_frame":5,"minecraft:stone_axe":18,"lycanitesmobs:raw_krake_meat":1,"iceandfire:dragon_skull_fire":1,"minecraft:furnace":1,"minecraft:oak_sapling":2,"minecraft:experience_bottle":1},"minecraft:custom":{"minecraft:interact_with_furnace":14,"minecraft:mob_kills":2,"minecraft:interact_with_crafting_table":10,"minecraft:play_one_minute":42589,"minecraft:eat_cake_slice":2,"minecraft:time_since_death":14863,"minecraft:leave_game":1,"minecraft:sleep_in_bed":2,"minecraft:climb_one_cm":294,"minecraft:time_since_rest":14555,"minecraft:waystone_activated":1,"minecraft:sprint_one_cm":127547,"minecraft:damage_taken":1530,"minecraft:walk_one_cm":153770,"minecraft:drop":3,"minecraft:damage_dealt":1155,"minecraft:swim_one_cm":2399,"minecraft:talked_to_villager":1,"minecraft:fly_one_cm":195345,"minecraft:open_chest":18,"minecraft:crouch_one_cm":2149,"minecraft:deaths":4,"minecraft:sneak_time":952,"minecraft:walk_under_water_one_cm":6075,"minecraft:jump":874,"minecraft:walk_on_water_one_cm":7617,"minecraft:fall_one_cm":30281},"minecraft:killed_by":{"minecraft:spider":2,"iceandfire:cockatrice":1},"minecraft:killed":{"lycanitesmobs:banshee":1,"minecraft:rabbit":1,"minecraft:enderman":1},"minecraft:crafted":{"minecraft:oak_planks":20,"foodtxf:cooked_player_flesh":4,"minecraft:crafting_table":3,"minecraft:wooden_pickaxe":1,"minecraft:furnace":1,"minecraft:stone_axe":1,"minecraft:cooked_mutton":4,"minecraft:air":0,"minecraft:jungle_planks":8,"lycanitesmobs:cooked_krake_meat":1,"minecraft:charcoal":10,"minecraft:stick":12,"minecraft:stone_pickaxe":1,"minecraft:stone_sword":1,"minecraft:white_bed":1,"minecraft:torch":20}},"DataVersion":2586}