{"stats":{"minecraft:used":{"iceandfire:lectern":1,"minecraft:stone_sword":19,"lycanitesmobs:raw_jouste_meat":2,"minecraft:chest":13,"minecraft:shield":116,"minecraft:stone":18,"minecraft:iron_sword":850,"minecraft:player_head":1,"minecraft:torch":31,"minecraft:dirt":47,"minecraft:jungle_sapling":1,"minecraft:honey_block":6,"minecraft:lantern":1,"minecraft:iron_axe":69,"minecraft:item_frame":5,"lycanitesmobs:raw_krake_meat":1,"minecraft:oak_sapling":2,"minecraft:furnace":4,"tombstone:gift":2,"minecraft:acacia_planks":2,"minecraft:cooked_mutton":4,"lycanitesmobs:cooked_krake_meat":1,"lycanitesmobs:raw_chupacabra_meat":1,"minecraft:oak_planks":1,"minecraft:stone_pickaxe":109,"minecraft:cartography_table":1,"minecraft:wooden_pickaxe":5,"minecraft:white_wool":1,"minecraft:sand":3,"minecraft:crafting_table":7,"minecraft:white_bed":4,"foodtxf:cooked_player_flesh":26,"minecraft:flower_pot":1,"minecraft:iron_pickaxe":20,"minecraft:bread":69,"minecraft:lectern":1,"minecraft:spruce_trapdoor":1,"tombstone:grave_key":22,"lycanitesmobs:desertstonechiseled":1,"minecraft:stone_axe":76,"iceandfire:dragon_skull_fire":1,"minecraft:cobblestone":17,"lycanitesmobs:cooked_chupacabra_meat":5,"lycanitesmobs:equipmentforge_greater":1,"lycanitesmobs:equipmentforge_lesser":1,"minecraft:gray_wool":1,"minecraft:experience_bottle":1},"minecraft:mined":{"minecraft:white_bed":3,"minecraft:dark_oak_leaves":1,"minecraft:jungle_leaves":7,"minecraft:dark_oak_log":2,"minecraft:brewing_stand":1,"minecraft:spruce_trapdoor":2,"minecraft:acacia_log":10,"minecraft:grass_block":16,"minecraft:jungle_log":15,"iceandfire:lectern":1,"minecraft:spruce_leaves":3,"minecraft:potted_bamboo":1,"minecraft:cartography_table":1,"minecraft:spawner":28,"minecraft:tall_seagrass":2,"minecraft:furnace":3,"minecraft:iron_ore":4,"minecraft:fire":2,"minecraft:acacia_wood":2,"lycanitesmobs:desertstonebrick":5,"minecraft:bookshelf":50,"minecraft:vine":2,"minecraft:lantern":1,"lycanitesmobs:desertstonetile":2,"lycanitesmobs:equipmentforge_greater":1,"minecraft:stone":26,"minecraft:torch":3,"minecraft:crafting_table":8,"minecraft:honey_block":82,"lycanitesmobs:propolis":13,"minecraft:chest":14,"minecraft:dead_bush":1,"minecraft:lectern":1,"lycanitesmobs:desertstonechiseled":2,"minecraft:tall_grass":11,"minecraft:oak_planks":1,"minecraft:wall_torch":3,"lycanitesmobs:desertstonepillar":1,"lycanitesmobs:equipmentforge_lesser":1,"minecraft:birch_leaves":3,"minecraft:grass":53,"minecraft:coal_ore":14,"minecraft:oak_log":5,"minecraft:acacia_fence":1,"minecraft:sand":13,"minecraft:dirt":12,"lycanitesmobs:scorchfire":72,"minecraft:oak_leaves":17,"minecraft:fern":3},"minecraft:dropped":{"minecraft:acacia_wood":1,"minecraft:brown_mushroom":3,"minecraft:wheat_seeds":6,"lycanitesmobs:spectralboltcharge":3,"lycanitesmobs:aetherwavecharge":1,"minecraft:coal":2,"minecraft:item_frame":1,"minecraft:cobweb":12,"minecraft:mutton":2,"minecraft:jungle_sapling":1,"minecraft:acacia_planks":40,"iceandfire:dragonbone":14,"minecraft:cocoa_beans":5,"minecraft:wheat":1,"lycanitesmobs:cooked_chupacabra_meat":2,"iceandfire:troll_tusk":1,"iceandfire:rotten_egg":1,"minecraft:acacia_sapling":3,"minecraft:chest":2,"iceandfire:bestiary":1,"lycanitesmobs:soulgazer":1,"lycanitesmobs:equipmentpart_geonachspear":1,"lycanitesmobs:summoningstaff":1,"minecraft:acacia_fence":2},"minecraft:custom":{"minecraft:interact_with_anvil":1,"minecraft:mob_kills":111,"minecraft:interact_with_crafting_table":45,"minecraft:open_barrel":1,"minecraft:eat_cake_slice":2,"minecraft:leave_game":7,"minecraft:time_since_death":4741,"minecraft:climb_one_cm":7310,"minecraft:damage_blocked_by_shield":1307,"minecraft:sprint_one_cm":820913,"minecraft:walk_one_cm":869576,"minecraft:drop":29,"minecraft:talked_to_villager":3,"minecraft:sneak_time":5652,"minecraft:deaths":32,"minecraft:walk_under_water_one_cm":21835,"minecraft:jump":4411,"minecraft:interact_with_brewingstand":1,"minecraft:walk_on_water_one_cm":39421,"minecraft:interact_with_furnace":49,"minecraft:interact_with_cartography_table":1,"minecraft:play_one_minute":235525,"minecraft:pot_flower":1,"minecraft:sleep_in_bed":5,"minecraft:time_since_rest":4512,"minecraft:waystone_activated":2,"minecraft:damage_taken":14346,"minecraft:damage_dealt":26146,"minecraft:player_kills":1,"minecraft:swim_one_cm":22199,"minecraft:fly_one_cm":962040,"minecraft:open_chest":161,"minecraft:crouch_one_cm":11440,"tombstone:undead_killed":21,"minecraft:fall_one_cm":125189},"minecraft:picked_up":{"minecraft:cocoa_beans":5,"minecraft:crafting_table":8,"lycanitesmobs:raw_chupacabra_meat":8,"minecraft:wheat":1,"minecraft:chicken":1,"iceandfire:witherbone":2,"minecraft:clay_ball":46,"minecraft:flower_pot":1,"iceandfire:fire_lily":1,"minecraft:brown_mushroom":6,"minecraft:enchanted_book":5,"minecraft:potion":2,"minecraft:diamond_horse_armor":1,"lycanitesmobs:propolis":8,"minecraft:brewing_stand":1,"minecraft:shield":1,"lycanitesmobs:embercharge":22,"minecraft:string":15,"lycanitesmobs:equipmentpart_geonachspear":1,"lycanitesmobs:equipmentpart_clinkscythe":1,"lycanitesmobs:equipmentpart_cinderblade":1,"lycanitesmobs:raw_aspid_meat":1,"minecraft:item_frame":2,"minecraft:experience_bottle":2,"iceandfire:bestiary":2,"minecraft:cartography_table":1,"minecraft:gold_nugget":40,"minecraft:red_dye":2,"minecraft:jungle_sapling":2,"minecraft:birch_sapling":1,"minecraft:lectern":1,"minecraft:spruce_trapdoor":2,"minecraft:chest":15,"lycanitesmobs:raw_maka_meat":5,"minecraft:phantom_membrane":3,"minecraft:furnace":2,"minecraft:stick":4,"iceandfire:dragonbone":62,"minecraft:stone":21,"iceandfire:troll_tusk":1,"minecraft:acacia_fence":2,"iceandfire:deathworm_chitin_red":4,"minecraft:torch":10,"minecraft:acacia_log":10,"lycanitesmobs:desertstonechiseled":2,"iceandfire:rotten_egg":1,"tombstone:grave_dust":2,"lycanitesmobs:geistliver":2,"foodtxf:player_flesh":6,"foodtxf:cooked_player_flesh":1,"minecraft:tnt":9,"minecraft:cactus":1,"iceandfire:silver_ingot":4,"lycanitesmobs:summoningstaff":1,"minecraft:arrow":11,"minecraft:rotten_flesh":22,"lycanitesmobs:raw_jouste_meat":7,"lycanitesmobs:chaosorbcharge":3,"lycanitesmobs:equipmentpart_ventoraptorskull":1,"iceandfire:myrmex_desert_chitin":2,"minecraft:gold_ingot":10,"minecraft:blaze_rod":4,"minecraft:mutton":8,"minecraft:obsidian":2,"minecraft:cobblestone":50,"minecraft:white_wool":13,"minecraft:blaze_powder":10,"lycanitesmobs:equipmentforge_lesser":1,"minecraft:air":0,"minecraft:feather":17,"minecraft:jungle_log":15,"minecraft:andesite":2,"minecraft:salmon":4,"minecraft:leather":17,"lycanitesmobs:poopcharge":1,"minecraft:red_mushroom":4,"minecraft:acacia_wood":4,"lycanitesmobs:throwingscythecharge":25,"lycanitesmobs:acidsplashcharge":5,"minecraft:flint":11,"lycanitesmobs:mudshotcharge":6,"minecraft:oak_log":9,"lycanitesmobs:veswax":11,"lycanitesmobs:raw_krake_meat":8,"minecraft:gunpowder":37,"lycanitesmobs:equipmentforge_greater":1,"minecraft:map":1,"minecraft:lapis_lazuli":2,"minecraft:dirt":101,"minecraft:paper":1,"minecraft:lantern":6,"lycanitesmobs:equipmentpart_sutiramustinger":1,"minecraft:cooked_mutton":2,"lycanitesmobs:aetherwavecharge":2,"minecraft:bone":67,"minecraft:acacia_planks":2,"minecraft:wheat_seeds":22,"minecraft:iron_ingot":7,"minecraft:iron_ore":14,"minecraft:cooked_chicken":3,"minecraft:cobweb":12,"minecraft:bamboo":1,"minecraft:glowstone_dust":7,"minecraft:oak_planks":1,"minecraft:iron_sword":1,"minecraft:acacia_sapling":3,"minecraft:soul_sand":4,"minecraft:book":153,"iceandfire:copper_nugget":28,"lycanitesmobs:soulstone_imp":1,"lycanitesmobs:raw_yale_meat":10,"lycanitesmobs:spectralboltcharge":4,"minecraft:quartz":38,"lycanitesmobs:raw_silex_meat":1,"iceandfire:dragon_skull_fire":4,"minecraft:sand":33,"lycanitesmobs:desertstonebrick":5,"minecraft:white_bed":4,"minecraft:acacia_stairs":1,"minecraft:spider_eye":12,"iceandfire:myrmex_stinger":1,"minecraft:dark_oak_log":2,"lycanitesmobs:desertstonetile":2,"lycanitesmobs:scorchfireballcharge":2,"minecraft:slime_ball":6,"minecraft:diamond":63,"iceandfire:lectern":1,"minecraft:honey_block":29,"minecraft:writable_book":1,"minecraft:gray_wool":1,"minecraft:emerald":1,"minecraft:bread":57,"tombstone:magic_scroll":1,"minecraft:oak_sapling":2,"minecraft:melon_seeds":3,"minecraft:coal":26,"minecraft:ender_pearl":2},"minecraft:broken":{"minecraft:iron_leggings":1,"minecraft:leather_chestplate":1,"minecraft:leather_boots":1,"minecraft:stone_axe":1,"minecraft:iron_sword":2,"minecraft:iron_helmet":1},"minecraft:killed_by":{"iceandfire:myrmex_worker":1,"lycanitesmobs:xaphan":1,"lycanitesmobs:triffid":1,"minecraft:spider":2,"lycanitesmobs:warg":1,"lycanitesmobs:tpumpkyn":1,"minecraft:iron_golem":2,"lycanitesmobs:vespid":1,"iceandfire:amphithere":1,"lycanitesmobs:makaalpha":1,"lycanitesmobs:chupacabra":1,"lycanitesmobs:crusk":2,"lycanitesmobs:geonach":1,"minecraft:skeleton":1,"lycanitesmobs:clink":6,"minecraft:zombie":1,"iceandfire:cockatrice":2,"lycanitesmobs:darkling":1,"iceandfire:fire_dragon":3,"lycanitesmobs:balayang":1},"minecraft:killed":{"lycanitesmobs:tremor":3,"lycanitesmobs:krake":3,"iceandfire:hippogryph":1,"lycanitesmobs:banshee":1,"lycanitesmobs:reaper":3,"lycanitesmobs:cryptkeeper":5,"lycanitesmobs:roc":3,"minecraft:spider":4,"lycanitesmobs:sutiramu":5,"lycanitesmobs:silex":1,"minecraft:skeleton":9,"lycanitesmobs:yale":5,"lycanitesmobs:necrovore":1,"lycanitesmobs:cinder":8,"lycanitesmobs:clink":4,"iceandfire:deathworm":1,"lycanitesmobs:maka":2,"lycanitesmobs:erepede":1,"iceandfire:myrmex_worker":4,"lycanitesmobs:xaphan":1,"lycanitesmobs:triffid":2,"lycanitesmobs:aegis":4,"lycanitesmobs:jouste":2,"lycanitesmobs:geist":1,"iceandfire:troll":1,"minecraft:rabbit":1,"lycanitesmobs:ventoraptor":1,"lycanitesmobs:aspid":1,"minecraft:creeper":1,"iceandfire:cockatrice":1,"minecraft:sheep":1,"lycanitesmobs:chupacabra":2,"minecraft:zombie":2,"lycanitesmobs:geonach":3,"lycanitesmobs:vespid":8,"minecraft:enderman":1},"minecraft:crafted":{"minecraft:oak_planks":20,"foodtxf:cooked_player_flesh":27,"minecraft:furnace":2,"lycanitesmobs:cooked_chupacabra_meat":7,"minecraft:cooked_mutton":4,"minecraft:iron_axe":1,"minecraft:stone_pickaxe":1,"lycanitesmobs:soulgazer":2,"sophisticatedbackpacks:iron_backpack":1,"minecraft:crafting_table":4,"minecraft:wooden_pickaxe":1,"minecraft:iron_sword":2,"sophisticatedbackpacks:gold_backpack":1,"minecraft:stone_axe":1,"minecraft:air":0,"minecraft:jungle_planks":16,"lycanitesmobs:cooked_krake_meat":1,"minecraft:charcoal":11,"minecraft:stick":28,"minecraft:iron_ingot":8,"minecraft:iron_pickaxe":1,"minecraft:stone_sword":1,"minecraft:white_bed":1,"minecraft:acacia_planks":48,"minecraft:torch":24}},"DataVersion":2586}