{"stats":{"minecraft:dropped":{"lycanitesmobs:spectralboltcharge":3,"lycanitesmobs:aetherwavecharge":1,"minecraft:jungle_sapling":1,"iceandfire:dragonbone":14},"minecraft:picked_up":{"minecraft:crafting_table":1,"minecraft:air":0,"minecraft:clay_ball":2,"minecraft:jungle_log":13,"iceandfire:fire_lily":1,"minecraft:leather":5,"lycanitesmobs:throwingscythecharge":9,"minecraft:diamond_horse_armor":1,"minecraft:enchanted_book":1,"minecraft:flint":4,"minecraft:oak_log":5,"lycanitesmobs:raw_krake_meat":2,"minecraft:gunpowder":13,"minecraft:string":15,"minecraft:dirt":43,"minecraft:paper":1,"lycanitesmobs:equipmentpart_sutiramustinger":1,"minecraft:item_frame":1,"minecraft:bone":6,"lycanitesmobs:aetherwavecharge":2,"minecraft:experience_bottle":1,"minecraft:gold_nugget":10,"minecraft:iron_ingot":5,"minecraft:iron_ore":6,"minecraft:jungle_sapling":2,"minecraft:glowstone_dust":7,"lycanitesmobs:raw_maka_meat":3,"minecraft:chest":3,"minecraft:iron_sword":1,"minecraft:oak_planks":1,"minecraft:phantom_membrane":2,"minecraft:book":9,"iceandfire:dragonbone":31,"lycanitesmobs:spectralboltcharge":3,"minecraft:torch":7,"minecraft:acacia_log":10,"iceandfire:dragon_skull_fire":3,"minecraft:sand":7,"lycanitesmobs:desertstonechiseled":1,"lycanitesmobs:desertstonebrick":1,"minecraft:white_bed":3,"minecraft:spider_eye":9,"lycanitesmobs:desertstonetile":2,"minecraft:tnt":9,"minecraft:arrow":6,"iceandfire:silver_ingot":4,"lycanitesmobs:scorchfireballcharge":2,"lycanitesmobs:raw_jouste_meat":3,"minecraft:bread":23,"minecraft:emerald":1,"minecraft:obsidian":2,"tombstone:magic_scroll":1,"minecraft:oak_sapling":2,"minecraft:white_wool":4,"minecraft:mutton":4,"minecraft:coal":6,"minecraft:cobblestone":21,"minecraft:ender_pearl":1},"minecraft:mined":{"minecraft:white_bed":3,"minecraft:jungle_leaves":2,"minecraft:crafting_table":1,"minecraft:acacia_log":10,"minecraft:grass_block":13,"minecraft:chest":3,"minecraft:jungle_log":13,"lycanitesmobs:desertstonechiseled":1,"minecraft:tall_grass":1,"minecraft:oak_planks":1,"lycanitesmobs:desertstonepillar":1,"minecraft:wall_torch":3,"minecraft:spawner":4,"minecraft:tall_seagrass":2,"minecraft:furnace":1,"lycanitesmobs:desertstonebrick":1,"minecraft:grass":16,"minecraft:bookshelf":3,"minecraft:oak_log":5,"minecraft:vine":2,"lycanitesmobs:desertstonetile":2,"minecraft:sand":8,"minecraft:dirt":12,"lycanitesmobs:scorchfire":72,"minecraft:stone":5,"minecraft:oak_leaves":8,"minecraft:fern":2},"minecraft:used":{"lycanitesmobs:cooked_krake_meat":1,"minecraft:stone_sword":19,"minecraft:stone_pickaxe":12,"lycanitesmobs:raw_jouste_meat":2,"minecraft:oak_planks":1,"minecraft:chest":3,"minecraft:wooden_pickaxe":5,"minecraft:iron_sword":204,"minecraft:player_head":1,"minecraft:torch":6,"minecraft:dirt":29,"minecraft:sand":2,"minecraft:crafting_table":3,"minecraft:white_bed":4,"foodtxf:cooked_player_flesh":4,"minecraft:jungle_sapling":1,"minecraft:bread":13,"tombstone:grave_key":2,"minecraft:item_frame":5,"minecraft:stone_axe":18,"lycanitesmobs:raw_krake_meat":1,"iceandfire:dragon_skull_fire":1,"minecraft:furnace":1,"minecraft:oak_sapling":2,"minecraft:experience_bottle":1},"minecraft:custom":{"minecraft:interact_with_furnace":15,"minecraft:mob_kills":14,"minecraft:interact_with_crafting_table":11,"minecraft:play_one_minute":54589,"minecraft:eat_cake_slice":2,"minecraft:time_since_death":866,"minecraft:leave_game":1,"minecraft:sleep_in_bed":2,"minecraft:climb_one_cm":294,"minecraft:time_since_rest":652,"minecraft:waystone_activated":1,"minecraft:sprint_one_cm":166116,"minecraft:damage_taken":2558,"minecraft:walk_one_cm":248496,"minecraft:drop":4,"minecraft:damage_dealt":5254,"minecraft:swim_one_cm":2399,"minecraft:talked_to_villager":2,"minecraft:fly_one_cm":229936,"minecraft:player_kills":1,"minecraft:open_chest":21,"minecraft:crouch_one_cm":3347,"tombstone:undead_killed":4,"minecraft:deaths":6,"minecraft:sneak_time":1352,"minecraft:walk_under_water_one_cm":6075,"minecraft:jump":1101,"minecraft:walk_on_water_one_cm":7617,"minecraft:fall_one_cm":33260},"minecraft:killed_by":{"lycanitesmobs:crusk":2,"minecraft:spider":2,"iceandfire:cockatrice":1},"minecraft:killed":{"lycanitesmobs:reaper":1,"lycanitesmobs:banshee":1,"minecraft:spider":1,"lycanitesmobs:sutiramu":1,"minecraft:rabbit":1,"minecraft:creeper":1,"minecraft:skeleton":3,"lycanitesmobs:clink":2,"lycanitesmobs:maka":1,"minecraft:enderman":1},"minecraft:crafted":{"minecraft:oak_planks":20,"foodtxf:cooked_player_flesh":4,"minecraft:crafting_table":3,"minecraft:wooden_pickaxe":1,"minecraft:furnace":1,"minecraft:stone_axe":1,"minecraft:cooked_mutton":4,"minecraft:air":0,"minecraft:jungle_planks":8,"lycanitesmobs:cooked_krake_meat":1,"minecraft:charcoal":10,"minecraft:stick":12,"minecraft:stone_pickaxe":1,"minecraft:stone_sword":1,"minecraft:white_bed":1,"minecraft:acacia_planks":40,"minecraft:torch":20}},"DataVersion":2586}