{"stats":{"minecraft:dropped":{"lycanitesmobs:aetherwavecharge":1},"minecraft:picked_up":{"minecraft:jungle_log":13,"minecraft:sand":2,"minecraft:oak_log":5,"minecraft:dirt":40,"lycanitesmobs:aetherwavecharge":1,"minecraft:jungle_sapling":1,"minecraft:oak_sapling":2,"minecraft:oak_planks":1,"minecraft:coal":6,"minecraft:mutton":4,"minecraft:white_wool":3,"minecraft:cobblestone":21},"minecraft:mined":{"minecraft:tall_seagrass":2,"minecraft:jungle_leaves":2,"minecraft:grass":7,"minecraft:grass_block":8,"minecraft:oak_log":5,"minecraft:vine":2,"minecraft:jungle_log":13,"minecraft:dirt":12,"minecraft:sand":3,"minecraft:tall_grass":1,"minecraft:stone":5,"minecraft:oak_planks":1,"minecraft:fern":1},"minecraft:used":{"minecraft:jungle_sapling":1,"minecraft:stone_sword":2,"minecraft:oak_planks":1,"minecraft:wooden_pickaxe":5,"minecraft:sand":2,"minecraft:dirt":27,"minecraft:crafting_table":2,"minecraft:furnace":1,"minecraft:white_bed":1},"minecraft:custom":{"minecraft:time_since_rest":4161,"minecraft:sprint_one_cm":34805,"minecraft:interact_with_furnace":11,"minecraft:damage_taken":732,"minecraft:walk_one_cm":52677,"minecraft:drop":1,"minecraft:damage_dealt":401,"minecraft:interact_with_crafting_table":7,"minecraft:fly_one_cm":57304,"minecraft:play_one_minute":18589,"minecraft:crouch_one_cm":1670,"minecraft:deaths":3,"minecraft:sneak_time":437,"minecraft:walk_under_water_one_cm":5616,"minecraft:jump":331,"minecraft:leave_game":1,"minecraft:time_since_death":4368,"minecraft:walk_on_water_one_cm":6307,"minecraft:climb_one_cm":164,"minecraft:fall_one_cm":9164},"minecraft:killed_by":{"minecraft:spider":2},"minecraft:crafted":{"minecraft:oak_planks":20,"foodtxf:cooked_player_flesh":4,"minecraft:charcoal":10,"minecraft:crafting_table":2,"minecraft:stick":12,"minecraft:wooden_pickaxe":1,"minecraft:stone_sword":1,"minecraft:furnace":1,"minecraft:white_bed":1,"minecraft:torch":20,"minecraft:jungle_planks":8,"minecraft:air":0,"minecraft:cooked_mutton":4}},"DataVersion":2586}