{"stats":{"minecraft:dropped":{"lycanitesmobs:aetherwavecharge":1,"minecraft:jungle_sapling":1,"iceandfire:dragonbone":14},"minecraft:picked_up":{"minecraft:air":0,"minecraft:clay_ball":2,"minecraft:jungle_log":13,"minecraft:enchanted_book":1,"minecraft:oak_log":5,"lycanitesmobs:raw_krake_meat":2,"minecraft:dirt":40,"lycanitesmobs:aetherwavecharge":1,"minecraft:experience_bottle":1,"minecraft:iron_ingot":1,"minecraft:jungle_sapling":2,"minecraft:iron_sword":1,"minecraft:oak_planks":1,"iceandfire:dragonbone":31,"iceandfire:dragon_skull_fire":3,"minecraft:sand":2,"minecraft:white_bed":3,"minecraft:oak_sapling":2,"minecraft:white_wool":3,"minecraft:mutton":4,"minecraft:coal":6,"minecraft:cobblestone":21},"minecraft:mined":{"minecraft:white_bed":3,"minecraft:jungle_leaves":2,"minecraft:crafting_table":1,"minecraft:grass_block":8,"minecraft:jungle_log":13,"minecraft:tall_grass":1,"minecraft:oak_planks":1,"minecraft:tall_seagrass":2,"minecraft:furnace":1,"minecraft:grass":14,"minecraft:oak_log":5,"minecraft:vine":2,"minecraft:sand":3,"minecraft:dirt":12,"minecraft:stone":5,"minecraft:fern":2},"minecraft:used":{"minecraft:stone_sword":19,"minecraft:stone_pickaxe":1,"minecraft:oak_planks":1,"minecraft:wooden_pickaxe":5,"minecraft:dirt":27,"minecraft:sand":2,"minecraft:crafting_table":2,"minecraft:white_bed":4,"foodtxf:cooked_player_flesh":4,"minecraft:jungle_sapling":1,"tombstone:grave_key":1,"minecraft:stone_axe":2,"iceandfire:dragon_skull_fire":1,"minecraft:furnace":1,"minecraft:oak_sapling":2,"minecraft:experience_bottle":1},"minecraft:custom":{"minecraft:interact_with_furnace":12,"minecraft:mob_kills":1,"minecraft:interact_with_crafting_table":9,"minecraft:play_one_minute":30589,"minecraft:time_since_death":2863,"minecraft:leave_game":1,"minecraft:sleep_in_bed":2,"minecraft:climb_one_cm":294,"minecraft:time_since_rest":2555,"minecraft:waystone_activated":1,"minecraft:sprint_one_cm":85405,"minecraft:damage_taken":1282,"minecraft:walk_one_cm":102974,"minecraft:drop":3,"minecraft:damage_dealt":755,"minecraft:swim_one_cm":2399,"minecraft:fly_one_cm":178066,"minecraft:open_chest":3,"minecraft:crouch_one_cm":1710,"minecraft:deaths":4,"minecraft:sneak_time":464,"minecraft:walk_under_water_one_cm":5898,"minecraft:jump":765,"minecraft:walk_on_water_one_cm":7327,"minecraft:fall_one_cm":25944},"minecraft:killed_by":{"minecraft:spider":2,"iceandfire:cockatrice":1},"minecraft:killed":{"lycanitesmobs:banshee":1,"minecraft:rabbit":1},"minecraft:crafted":{"minecraft:oak_planks":20,"foodtxf:cooked_player_flesh":4,"minecraft:crafting_table":2,"minecraft:wooden_pickaxe":1,"minecraft:furnace":1,"minecraft:stone_axe":1,"minecraft:cooked_mutton":4,"minecraft:air":0,"minecraft:jungle_planks":8,"minecraft:charcoal":10,"minecraft:stick":12,"minecraft:stone_pickaxe":1,"minecraft:stone_sword":1,"minecraft:white_bed":1,"minecraft:torch":20}},"DataVersion":2586}